season,game_id,game_date,home_team,away_team,home_pts,away_pts,label,is_playoff,elo_diff,net_rtg_diff,off_rtg_diff,def_rtg_diff,win_pct_diff,ppg_diff,papg_diff,rest_days_diff,is_home,series_game_num,series_deficit,is_elimination_game,is_playin
2018-19,0041800111,2019-04-13,TOR,ORL,101.0,104.0,0,1,55.35280496582823,10.350533266129032,6.938766129032258,-3.4116764112903226,0.18181818181818188,6.318181818181813,1.9393939393939377,0,1,1,0,0,0
2018-19,0041800121,2019-04-13,PHI,BKN,102.0,111.0,0,1,26.84621963374707,-4.112405525846702,1.2288591800356508,5.341322638146168,0.08653846153846156,2.9819711538461604,-0.19399038461538964,0,1,1,0,0,0
2018-19,0041800141,2019-04-13,GSW,LAC,121.0,104.0,1,1,72.09892579556504,2.6846410984848483,3.5289507575757577,0.844399621212121,0.13596082089552242,3.3283582089552226,-3.2789179104477597,0,1,1,0,0,0
2018-19,0041800151,2019-04-13,DEN,SAS,96.0,101.0,0,1,23.378904629784756,11.222579667644183,-0.9990332355816225,-12.22148387096774,0.059701492537313494,-1.9701492537313356,-2.985074626865668,0,1,1,0,0,0
2018-19,0041800101,2019-04-14,MIL,DET,121.0,86.0,1,1,134.4530772956664,-3.589430481283423,7.1674688057041,10.756778966131908,0.23880597014925375,11.268656716417908,2.7164179104477597,0,1,1,0,0,0
2018-19,0041800131,2019-04-14,BOS,IND,84.0,74.0,1,1,39.16308722261965,-0.6130327731092438,1.8623058823529413,2.475514285714286,0.01492537313432829,5.02985074626865,3.8507462686567067,0,1,1,0,0,0
2018-19,0041800161,2019-04-14,POR,OKC,104.0,99.0,1,1,69.96977045848598,-8.869572916666666,3.2336089015151512,12.1029375,0.05970149253731338,-0.5970149253731307,-1.2686567164179081,0,1,1,0,0,0
2018-19,0041800171,2019-04-14,HOU,UTA,122.0,90.0,1,1,42.19169737637958,6.5626406926406915,4.642110822510823,-1.9206207792207792,0.02487562189054726,2.9803256445047595,3.8613749434644973,0,1,1,0,0,0
2018-19,0041800122,2019-04-15,PHI,BKN,145.0,123.0,1,1,-0.14761980133403085,-4.112405525846702,1.2288591800356508,5.341322638146168,0.08653846153846156,2.9819711538461604,-0.19399038461538964,0,1,2,-1,0,0
2018-19,0041800142,2019-04-15,GSW,LAC,131.0,135.0,0,1,82.93002891523588,2.6846410984848483,3.5289507575757577,0.844399621212121,0.13596082089552242,3.3283582089552226,-3.2789179104477597,0,1,2,1,0,0
2018-19,0041800112,2019-04-16,TOR,ORL,111.0,82.0,1,1,26.96187831651946,10.350533266129032,6.938766129032258,-3.4116764112903226,0.18181818181818188,6.318181818181813,1.9393939393939377,0,1,2,-1,0,0
2018-19,0041800152,2019-04-16,DEN,SAS,114.0,105.0,1,1,-3.4391397826866523,11.222579667644183,-0.9990332355816225,-12.22148387096774,0.059701492537313494,-1.9701492537313356,-2.985074626865668,0,1,2,-1,0,0
2018-19,0041800162,2019-04-16,POR,OKC,114.0,94.0,1,1,80.89794963781833,-8.869572916666666,3.2336089015151512,12.1029375,0.05970149253731338,-0.5970149253731307,-1.2686567164179081,0,1,2,1,0,0
2018-19,0041800102,2019-04-17,MIL,DET,120.0,99.0,1,1,142.69037483016564,-3.589430481283423,7.1674688057041,10.756778966131908,0.23880597014925375,11.268656716417908,2.7164179104477597,0,1,2,1,0,0
2018-19,0041800132,2019-04-17,BOS,IND,99.0,91.0,1,1,51.554808033095924,-0.6130327731092438,1.8623058823529413,2.475514285714286,0.01492537313432829,5.02985074626865,3.8507462686567067,0,1,2,1,0,0
2018-19,0041800172,2019-04-17,HOU,UTA,118.0,98.0,1,1,54.434803647324316,6.5626406926406915,4.642110822510823,-1.9206207792207792,0.02487562189054726,2.9803256445047595,3.8613749434644973,0,1,2,1,0,0
2018-19,0041800123,2019-04-18,BKN,PHI,115.0,131.0,0,1,-14.257611980293632,4.112405525846702,-1.2288591800356508,-5.341322638146168,-0.08653846153846156,-2.9819711538461604,0.19399038461538964,0,1,3,0,0,0
2018-19,0041800143,2019-04-18,LAC,GSW,105.0,132.0,0,1,-53.27577701818086,-2.6846410984848483,-3.5289507575757577,-0.844399621212121,-0.13596082089552242,-3.3283582089552226,3.2789179104477597,0,1,3,0,0,0
2018-19,0041800153,2019-04-18,SAS,DEN,118.0,108.0,1,1,-11.141198838529817,-11.222579667644183,0.9990332355816225,12.22148387096774,-0.059701492537313494,1.9701492537313356,2.985074626865668,0,1,3,0,0,0
2018-19,0041800113,2019-04-19,ORL,TOR,93.0,98.0,0,1,-39.962195864434534,-10.350533266129032,-6.938766129032258,3.4116764112903226,-0.18181818181818188,-6.318181818181813,-1.9393939393939377,0,1,3,0,0,0
2018-19,0041800133,2019-04-19,IND,BOS,96.0,104.0,0,1,-63.34485132127338,0.6130327731092438,-1.8623058823529413,-2.475514285714286,-0.01492537313432829,-5.02985074626865,-3.8507462686567067,0,1,3,-2,0,0
2018-19,0041800163,2019-04-19,OKC,POR,120.0,108.0,1,1,-91.33366989753085,8.869572916666666,-3.2336089015151512,-12.1029375,-0.05970149253731338,0.5970149253731307,1.2686567164179081,0,1,3,-2,0,0
2018-19,0041800103,2019-04-20,DET,MIL,103.0,119.0,0,1,-150.62183647925576,3.589430481283423,-7.1674688057041,-10.756778966131908,-0.23880597014925375,-11.268656716417908,-2.7164179104477597,0,1,3,-2,0,0
2018-19,0041800124,2019-04-20,BKN,PHI,108.0,112.0,0,1,-39.095521789166696,4.112405525846702,-1.2288591800356508,-5.341322638146168,-0.08653846153846156,-2.9819711538461604,0.19399038461538964,0,1,4,-1,0,0
2018-19,0041800154,2019-04-20,SAS,DEN,103.0,117.0,0,1,3.8523633996178432,-11.222579667644183,0.9990332355816225,12.22148387096774,-0.059701492537313494,1.9701492537313356,2.985074626865668,0,1,4,1,0,0
2018-19,0041800173,2019-04-20,UTA,HOU,101.0,104.0,0,1,-66.08746799673327,-6.5626406926406915,-4.642110822510823,1.9206207792207792,-0.02487562189054726,-2.9803256445047595,-3.8613749434644973,0,1,3,-2,0,0
2018-19,0041800114,2019-04-21,ORL,TOR,85.0,107.0,0,1,-63.38425552122703,-10.350533266129032,-6.938766129032258,3.4116764112903226,-0.18181818181818188,-6.318181818181813,-1.9393939393939377,0,1,4,-1,0,0
2018-19,0041800134,2019-04-21,IND,BOS,106.0,110.0,0,1,-85.44709727298732,0.6130327731092438,-1.8623058823529413,-2.475514285714286,-0.01492537313432829,-5.02985074626865,-3.8507462686567067,0,1,4,-3,1,0
2018-19,0041800144,2019-04-21,LAC,GSW,105.0,113.0,0,1,-75.949341132163,-2.6846410984848483,-3.5289507575757577,-0.844399621212121,-0.13596082089552242,-3.3283582089552226,3.2789179104477597,0,1,4,-1,0,0
2018-19,0041800164,2019-04-21,OKC,POR,98.0,111.0,0,1,-71.83244052135751,8.869572916666666,-3.2336089015151512,-12.1029375,-0.05970149253731338,0.5970149253731307,1.2686567164179081,0,1,4,-1,0,0
2018-19,0041800104,2019-04-22,DET,MIL,104.0,127.0,0,1,-167.7282562356786,3.589430481283423,-7.1674688057041,-10.756778966131908,-0.23880597014925375,-11.268656716417908,-2.7164179104477597,0,1,4,-3,1,0
2018-19,0041800174,2019-04-22,UTA,HOU,107.0,91.0,1,1,-88.03345415847889,-6.5626406926406915,-4.642110822510823,1.9206207792207792,-0.02487562189054726,-2.9803256445047595,-3.8613749434644973,0,1,4,-3,1,0
2018-19,0041800115,2019-04-23,TOR,ORL,115.0,96.0,1,1,85.48425821951946,10.350533266129032,6.938766129032258,-3.4116764112903226,0.18181818181818188,6.318181818181813,1.9393939393939377,0,1,5,2,1,0
2018-19,0041800125,2019-04-23,PHI,BKN,122.0,100.0,1,1,62.5659898698716,-4.112405525846702,1.2288591800356508,5.341322638146168,0.08653846153846156,2.9819711538461604,-0.19399038461538964,0,1,5,2,1,0
2018-19,0041800155,2019-04-23,DEN,SAS,108.0,90.0,1,1,21.953953226259728,11.222579667644183,-0.9990332355816225,-12.22148387096774,0.059701492537313494,-1.9701492537313356,-2.985074626865668,0,1,5,0,0,0
2018-19,0041800165,2019-04-23,POR,OKC,118.0,115.0,1,1,93.45035240528568,-8.869572916666666,3.2336089015151512,12.1029375,0.05970149253731338,-0.5970149253731307,-1.2686567164179081,0,1,5,2,1,0
2018-19,0041800145,2019-04-24,GSW,LAC,121.0,129.0,0,1,97.33160117996499,2.6846410984848483,3.5289507575757577,0.844399621212121,0.13596082089552242,3.3283582089552226,-3.2789179104477597,0,1,5,2,1,0
2018-19,0041800175,2019-04-24,HOU,UTA,100.0,93.0,1,1,68.72203164870507,6.5626406926406915,4.642110822510823,-1.9206207792207792,0.02487562189054726,2.9803256445047595,3.8613749434644973,0,1,5,2,1,0
2018-19,0041800156,2019-04-25,SAS,DEN,120.0,103.0,1,1,-35.20850401394455,-11.222579667644183,0.9990332355816225,12.22148387096774,-0.059701492537313494,1.9701492537313356,2.985074626865668,0,1,6,-1,1,0
2018-19,0041800146,2019-04-26,LAC,GSW,110.0,129.0,0,1,-67.0543224561959,-2.6846410984848483,-3.5289507575757577,-0.844399621212121,-0.13596082089552242,-3.3283582089552226,3.2789179104477597,0,1,6,-1,1,0
2018-19,0041800157,2019-04-27,DEN,SAS,90.0,86.0,1,1,18.89555998037895,11.222579667644183,-0.9990332355816225,-12.22148387096774,0.059701492537313494,-1.9701492537313356,-2.985074626865668,0,1,7,0,1,0
2018-19,0041800211,2019-04-27,TOR,PHI,108.0,95.0,1,1,47.43049973799975,7.691256628787879,2.1210378787878783,-5.570000946969697,0.07196969696969702,-1.8735795454545467,-4.436079545454547,0,1,1,0,0,0
2018-19,0041800201,2019-04-28,MIL,BOS,90.0,112.0,0,1,67.42089665818298,-5.497750649350649,2.6073393939393945,8.104970562770564,0.13432835820895528,3.7910447761194064,0.05970149253731449,-1,1,1,0,0,0
2018-19,0041800221,2019-04-28,GSW,HOU,104.0,100.0,1,1,-18.415186337427485,-6.12605587121212,2.3344356060606057,8.460551136363636,0.03645833333333337,2.318181818181813,1.7253787878787818,-2,1,1,0,0,0
2018-19,0041800212,2019-04-29,TOR,PHI,89.0,94.0,0,1,59.41890827713382,7.691256628787879,2.1210378787878783,-5.570000946969697,0.07196969696969702,-1.8735795454545467,-4.436079545454547,0,1,2,1,0,0
2018-19,0041800231,2019-04-29,DEN,POR,121.0,113.0,1,1,-42.930571869988626,7.974970766129032,-0.3086421370967738,-8.28342137096774,0.014925373134328401,-4.089552238805965,-3.5373134328358162,-4,1,1,0,0,0
2018-19,0041800202,2019-04-30,MIL,BOS,123.0,102.0,1,1,38.46599988892672,-5.497750649350649,2.6073393939393945,8.104970562770564,0.13432835820895528,3.7910447761194064,0.05970149253731449,0,1,2,-1,0,0
2018-19,0041800222,2019-04-30,GSW,HOU,115.0,109.0,1,1,-3.0271275907387007,-6.12605587121212,2.3344356060606057,8.460551136363636,0.03645833333333337,2.318181818181813,1.7253787878787818,0,1,2,1,0,0
2018-19,0041800232,2019-05-01,DEN,POR,90.0,97.0,0,1,-26.18652181359107,7.974970766129032,-0.3086421370967738,-8.28342137096774,0.014925373134328401,-4.089552238805965,-3.5373134328358162,0,1,2,1,0,0
2018-19,0041800213,2019-05-02,PHI,TOR,116.0,95.0,1,1,-30.836068657457645,-7.691256628787879,-2.1210378787878783,5.570000946969697,-0.07196969696969702,1.8735795454545467,4.436079545454547,0,1,3,0,0,0
2018-19,0041800203,2019-05-03,BOS,MIL,116.0,123.0,0,1,-50.89206738829466,5.497750649350649,-2.6073393939393945,-8.104970562770564,-0.13432835820895528,-3.7910447761194064,-0.05970149253731449,0,1,3,0,0,0
2018-19,0041800233,2019-05-03,POR,DEN,140.0,137.0,1,1,50.37277239891114,-7.974970766129032,0.3086421370967738,8.28342137096774,-0.014925373134328401,4.089552238805965,3.5373134328358162,0,1,3,0,0,0
2018-19,0041800223,2019-05-04,HOU,GSW,126.0,121.0,1,1,-11.531242378781144,6.12605587121212,-2.3344356060606057,-8.460551136363636,-0.03645833333333337,-2.318181818181813,-1.7253787878787818,0,1,3,-2,0,0
2018-19,0041800214,2019-05-05,PHI,TOR,96.0,101.0,0,1,-14.765692474931939,-7.691256628787879,-2.1210378787878783,5.570000946969697,-0.07196969696969702,1.8735795454545467,4.436079545454547,0,1,4,1,0,0
2018-19,0041800234,2019-05-05,POR,DEN,112.0,116.0,0,1,62.21947213846511,-7.974970766129032,0.3086421370967738,8.28342137096774,-0.014925373134328401,4.089552238805965,3.5373134328358162,0,1,4,1,0,0
2018-19,0041800204,2019-05-06,BOS,MIL,101.0,113.0,0,1,-73.70027120629334,5.497750649350649,-2.6073393939393945,-8.104970562770564,-0.13432835820895528,-3.7910447761194064,-0.05970149253731449,0,1,4,-1,0,0
2018-19,0041800224,2019-05-06,HOU,GSW,112.0,108.0,1,1,3.4833715671177288,6.12605587121212,-2.3344356060606057,-8.460551136363636,-0.03645833333333337,-2.318181818181813,-1.7253787878787818,0,1,4,-1,0,0
2018-19,0041800215,2019-05-07,TOR,PHI,125.0,89.0,1,1,39.57605646442357,7.691256628787879,2.1210378787878783,-5.570000946969697,0.07196969696969702,-1.8735795454545467,-4.436079545454547,0,1,5,0,0,0
2018-19,0041800235,2019-05-07,DEN,POR,124.0,98.0,1,1,-33.50556484844742,7.974970766129032,-0.3086421370967738,-8.28342137096774,0.014925373134328401,-4.089552238805965,-3.5373134328358162,0,1,5,0,0,0
2018-19,0041800205,2019-05-08,MIL,BOS,116.0,91.0,1,1,95.21132029568321,-5.497750649350649,2.6073393939393945,8.104970562770564,0.13432835820895528,3.7910447761194064,0.05970149253731449,0,1,5,2,1,0
2018-19,0041800225,2019-05-08,GSW,HOU,104.0,99.0,1,1,-17.69651155942006,-6.12605587121212,2.3344356060606057,8.460551136363636,0.03645833333333337,2.318181818181813,1.7253787878787818,0,1,5,0,0,0
2018-19,0041800216,2019-05-09,PHI,TOR,112.0,101.0,1,1,-51.94745427399744,-7.691256628787879,-2.1210378787878783,5.570000946969697,-0.07196969696969702,1.8735795454545467,4.436079545454547,0,1,6,-1,1,0
2018-19,0041800236,2019-05-09,POR,DEN,119.0,108.0,1,1,17.28723201419848,-7.974970766129032,0.3086421370967738,8.28342137096774,-0.014925373134328401,4.089552238805965,3.5373134328358162,0,1,6,-1,1,0
2018-19,0041800226,2019-05-10,HOU,GSW,113.0,118.0,0,1,2.347604464558799,6.12605587121212,-2.3344356060606057,-8.460551136363636,-0.03645833333333337,-2.318181818181813,-1.7253787878787818,0,1,6,-1,1,0
2018-19,0041800217,2019-05-12,TOR,PHI,92.0,90.0,1,1,34.69607765622527,7.691256628787879,2.1210378787878783,-5.570000946969697,0.07196969696969702,-1.8735795454545467,-4.436079545454547,0,1,7,0,1,0
2018-19,0041800237,2019-05-12,DEN,POR,96.0,100.0,0,1,-30.78093157288572,7.974970766129032,-0.3086421370967738,-8.28342137096774,0.014925373134328401,-4.089552238805965,-3.5373134328358162,0,1,7,0,1,0
2018-19,0041800311,2019-05-14,GSW,POR,116.0,94.0,1,1,4.827524668791511,0.7700624999999999,3.4712812500000005,2.70125,0.06133395522388063,3.3283582089552226,0.3927238805970177,2,1,1,0,0,0
2018-19,0041800301,2019-05-15,MIL,TOR,108.0,100.0,1,1,46.13906169104507,-6.500105113636363,0.4516893939393949,6.951516098484849,0.03437358661239254,3.4932157394843983,1.1947082767978259,4,1,1,0,0,0
2018-19,0041800312,2019-05-16,GSW,POR,114.0,111.0,1,1,18.96984645902262,0.7700624999999999,3.4712812500000005,2.70125,0.06133395522388063,3.3283582089552226,0.3927238805970177,0,1,2,1,0,0
2018-19,0041800302,2019-05-17,MIL,TOR,125.0,103.0,1,1,58.189975082651245,-6.500105113636363,0.4516893939393949,6.951516098484849,0.03437358661239254,3.4932157394843983,1.1947082767978259,0,1,2,1,0,0
2018-19,0041800313,2019-05-18,POR,GSW,99.0,110.0,0,1,-32.37707443755903,-0.7700624999999999,-3.4712812500000005,-2.70125,-0.06133395522388063,-3.3283582089552226,-0.3927238805970177,0,1,3,-2,0,0
2018-19,0041800303,2019-05-19,TOR,MIL,118.0,112.0,1,1,-69.6649377970491,6.500105113636363,-0.4516893939393949,-6.951516098484849,-0.03437358661239254,-3.4932157394843983,-1.1947082767978259,0,1,3,-2,0,0
2018-19,0041800314,2019-05-20,POR,GSW,117.0,119.0,0,1,-56.22134154328228,-0.7700624999999999,-3.4712812500000005,-2.70125,-0.06133395522388063,-3.3283582089552226,-0.3927238805970177,0,1,4,-3,1,0
2018-19,0041800304,2019-05-21,TOR,MIL,120.0,102.0,1,1,-51.4067405191488,6.500105113636363,-0.4516893939393949,-6.951516098484849,-0.03437358661239254,-3.4932157394843983,-1.1947082767978259,0,1,4,-1,0,0
2018-19,0041800305,2019-05-23,MIL,TOR,99.0,105.0,0,1,34.18589544565589,-6.500105113636363,0.4516893939393949,6.951516098484849,0.03437358661239254,3.4932157394843983,1.1947082767978259,0,1,5,0,0,0
2018-19,0041800306,2019-05-25,TOR,MIL,100.0,94.0,1,1,-6.8239899773550405,6.500105113636363,-0.4516893939393949,-6.951516098484849,-0.03437358661239254,-3.4932157394843983,-1.1947082767978259,0,1,6,1,1,0
2018-19,0041800401,2019-05-30,TOR,GSW,118.0,109.0,1,1,-31.593651172325053,5.1063125,-2.0081250000000006,-7.11421875,-0.006155303030302983,-4.045454545454547,-3.4829545454545467,-5,1,1,0,0,0
2018-19,0041800402,2019-06-02,TOR,GSW,104.0,109.0,0,1,-15.481330687217223,5.1063125,-2.0081250000000006,-7.11421875,-0.006155303030302983,-4.045454545454547,-3.4829545454545467,0,1,2,1,0,0
2018-19,0041800403,2019-06-05,GSW,TOR,109.0,123.0,0,1,40.25286316259803,-5.1063125,2.0081250000000006,7.11421875,0.006155303030302983,4.045454545454547,3.4829545454545467,0,1,3,0,0,0
2018-19,0041800404,2019-06-07,GSW,TOR,92.0,105.0,0,1,12.590993874183141,-5.1063125,2.0081250000000006,7.11421875,0.006155303030302983,4.045454545454547,3.4829545454545467,0,1,4,-1,0,0
2018-19,0041800405,2019-06-10,TOR,GSW,105.0,106.0,0,1,13.672526340840022,5.1063125,-2.0081250000000006,-7.11421875,-0.006155303030302983,-4.045454545454547,-3.4829545454545467,0,1,5,2,1,0
2018-19,0041800406,2019-06-13,GSW,TOR,110.0,114.0,0,1,12.647090801271816,-5.1063125,2.0081250000000006,7.11421875,0.006155303030302983,4.045454545454547,3.4829545454545467,0,1,6,-1,1,0
2020-21,42000111,2021-05-22,BKN,BOS,104.0,93.0,1,1,145.63957231777067,-4.865640804597702,6.678224137931034,11.54376867816092,0.23001949317738796,5.368421052631575,1.7982456140350962,0,1,1,0,0,0
2020-21,42000121,2021-05-22,MIL,MIA,109.0,107.0,1,1,21.649318366126636,9.187564039408866,8.20416748768473,-0.9833620689655178,0.052631578947368474,12.543859649122808,8.456140350877192,0,1,1,0,0,0
2020-21,42000161,2021-05-22,DEN,POR,109.0,123.0,0,1,43.24205248736757,5.188555555555555,1.2014444444444439,-3.987111111111111,0.09962406015037595,-1.8674812030075145,-4.554197994987462,0,1,1,0,0,0
2020-21,42000171,2021-05-22,LAC,DAL,103.0,113.0,0,1,2.7950912500391496,5.871299007444168,4.887816377171216,-0.9835918114143931,0.01103896103896107,0.4782467532467507,-2.374675324675323,0,1,1,0,0,0
2020-21,42000101,2021-05-23,PHI,WAS,125.0,118.0,1,1,69.17164155535534,10.192895225464191,2.5585557029177717,-7.63437400530504,0.13471177944862156,-3.7114661654135404,-10.606516290726816,0,1,1,0,0,0
2020-21,42000131,2021-05-23,NYK,ATL,105.0,107.0,0,1,11.552989132690755,-3.9817586206896545,-4.379827586206897,-0.39793103448275846,0.02857142857142858,-5.5811688311688386,-7.177272727272722,0,1,1,0,0,0
2020-21,42000141,2021-05-23,UTA,MEM,109.0,112.0,0,1,73.27781753663407,3.1922309523809527,7.922457142857142,4.730288095238095,0.21052631578947367,3.3157894736842053,-6.10526315789474,0,1,1,0,0,0
2020-21,42000151,2021-05-23,PHX,LAL,99.0,90.0,1,1,122.32100634784933,-3.4347690476190484,4.248449999999999,7.683288095238094,0.21867167919799502,8.43953634085213,2.3825187969924855,0,1,1,0,0,0
2020-21,42000122,2021-05-24,MIL,MIA,132.0,98.0,1,1,34.9194151499089,9.187564039408866,8.20416748768473,-0.9833620689655178,0.052631578947368474,12.543859649122808,8.456140350877192,0,1,2,1,0,0
2020-21,42000162,2021-05-24,DEN,POR,128.0,109.0,1,1,15.433850874876725,5.188555555555555,1.2014444444444439,-3.987111111111111,0.09962406015037595,-1.8674812030075145,-4.554197994987462,0,1,2,-1,0,0
2020-21,42000112,2021-05-25,BKN,BOS,130.0,108.0,1,1,153.4636343518764,-4.865640804597702,6.678224137931034,11.54376867816092,0.23001949317738796,5.368421052631575,1.7982456140350962,0,1,2,1,0,0
2020-21,42000152,2021-05-25,PHX,LAL,102.0,109.0,0,1,131.02449571723514,-3.4347690476190484,4.248449999999999,7.683288095238094,0.21867167919799502,8.43953634085213,2.3825187969924855,0,1,2,1,0,0
2020-21,42000172,2021-05-25,LAC,DAL,121.0,127.0,0,1,-22.955444395948234,5.871299007444168,4.887816377171216,-0.9835918114143931,0.01103896103896107,0.4782467532467507,-2.374675324675323,0,1,2,-1,0,0
2020-21,42000102,2021-05-26,PHI,WAS,120.0,95.0,1,1,80.13634998726616,10.192895225464191,2.5585557029177717,-7.63437400530504,0.13471177944862156,-3.7114661654135404,-10.606516290726816,0,1,2,1,0,0
2020-21,42000132,2021-05-26,NYK,ATL,101.0,92.0,1,1,-14.656588879790661,-3.9817586206896545,-4.379827586206897,-0.39793103448275846,0.02857142857142858,-5.5811688311688386,-7.177272727272722,0,1,2,-1,0,0
2020-21,42000142,2021-05-26,UTA,MEM,141.0,129.0,1,1,44.055404413346196,3.1922309523809527,7.922457142857142,4.730288095238095,0.21052631578947367,3.3157894736842053,-6.10526315789474,0,1,2,-1,0,0
2020-21,42000123,2021-05-27,MIA,MIL,84.0,113.0,0,1,-47.52103450459322,-9.187564039408866,-8.20416748768473,0.9833620689655178,-0.052631578947368474,-12.543859649122808,-8.456140350877192,0,1,3,-2,0,0
2020-21,42000153,2021-05-27,LAL,PHX,109.0,95.0,1,1,-99.39163852449269,3.4347690476190484,-4.248449999999999,-7.683288095238094,-0.21867167919799502,-8.43953634085213,-2.3825187969924855,0,1,3,0,0,0
2020-21,42000163,2021-05-27,POR,DEN,115.0,120.0,0,1,-29.02311365726632,-5.188555555555555,-1.2014444444444439,3.987111111111111,-0.09962406015037595,1.8674812030075145,4.554197994987462,0,1,3,0,0,0
2020-21,42000113,2021-05-28,BOS,BKN,125.0,119.0,1,1,-161.00811680858533,4.865640804597702,-6.678224137931034,-11.54376867816092,-0.23001949317738796,-5.368421052631575,-1.7982456140350962,0,1,3,-2,0,0
2020-21,42000133,2021-05-28,ATL,NYK,105.0,94.0,1,1,-0.5271303911247287,3.9817586206896545,4.379827586206897,0.39793103448275846,-0.02857142857142858,5.5811688311688386,7.177272727272722,0,1,3,0,0,0
2020-21,42000173,2021-05-28,DAL,LAC,108.0,118.0,0,1,47.319191326778764,-5.871299007444168,-4.887816377171216,0.9835918114143931,-0.01103896103896107,-0.4782467532467507,2.374675324675323,0,1,3,2,0,0
2020-21,42000103,2021-05-29,WAS,PHI,103.0,132.0,0,1,-90.6059208941349,-10.192895225464191,-2.5585557029177717,7.63437400530504,-0.13471177944862156,3.7114661654135404,10.606516290726816,0,1,3,-2,0,0
2020-21,42000124,2021-05-29,MIA,MIL,103.0,120.0,0,1,-70.51920007530794,-9.187564039408866,-8.20416748768473,0.9833620689655178,-0.052631578947368474,-12.543859649122808,-8.456140350877192,0,1,4,-3,1,0
2020-21,42000143,2021-05-29,MEM,UTA,111.0,121.0,0,1,-56.207555160630136,-3.1922309523809527,-7.922457142857142,-4.730288095238095,-0.21052631578947367,-3.3157894736842053,6.10526315789474,0,1,3,0,0,0
2020-21,42000164,2021-05-29,POR,DEN,115.0,95.0,1,1,-53.05296699945461,-5.188555555555555,-1.2014444444444439,3.987111111111111,-0.09962406015037595,1.8674812030075145,4.554197994987462,0,1,4,-1,0,0
2020-21,42000114,2021-05-30,BOS,BKN,126.0,141.0,0,1,-137.5318627462725,4.865640804597702,-6.678224137931034,-11.54376867816092,-0.23001949317738796,-5.368421052631575,-1.7982456140350962,0,1,4,-1,0,0
2020-21,42000134,2021-05-30,ATL,NYK,113.0,96.0,1,1,13.898244365262826,3.9817586206896545,4.379827586206897,0.39793103448275846,-0.02857142857142858,5.5811688311688386,7.177272727272722,0,1,4,1,0,0
2020-21,42000154,2021-05-30,LAL,PHX,92.0,100.0,0,1,-79.42665859031854,3.4347690476190484,-4.248449999999999,-7.683288095238094,-0.21867167919799502,-8.43953634085213,-2.3825187969924855,0,1,4,1,0,0
2020-21,42000174,2021-05-30,DAL,LAC,81.0,106.0,0,1,19.31297982200749,-5.871299007444168,-4.887816377171216,0.9835918114143931,-0.01103896103896107,-0.4782467532467507,2.374675324675323,0,1,4,1,0,0
2020-21,42000104,2021-05-31,WAS,PHI,122.0,114.0,1,1,-111.14655581575812,-10.192895225464191,-2.5585557029177717,7.63437400530504,-0.13471177944862156,3.7114661654135404,10.606516290726816,0,1,4,-3,1,0
2020-21,42000144,2021-05-31,MEM,UTA,113.0,120.0,0,1,-78.7151851576748,-3.1922309523809527,-7.922457142857142,-4.730288095238095,-0.21052631578947367,-3.3157894736842053,6.10526315789474,0,1,4,-1,0,0
2020-21,42000115,2021-06-01,BKN,BOS,123.0,109.0,1,1,155.3797200138506,-4.865640804597702,6.678224137931034,11.54376867816092,0.23001949317738796,5.368421052631575,1.7982456140350962,0,1,5,2,1,0
2020-21,42000155,2021-06-01,PHX,LAL,115.0,85.0,1,1,100.60957305528814,-3.4347690476190484,4.248449999999999,7.683288095238094,0.21867167919799502,8.43953634085213,2.3825187969924855,0,1,5,0,0,0
2020-21,42000165,2021-06-01,DEN,POR,147.0,140.0,1,1,35.73912680917806,5.188555555555555,1.2014444444444439,-3.987111111111111,0.09962406015037595,-1.8674812030075145,-4.554197994987462,0,1,5,0,0,0
2020-21,42000105,2021-06-02,PHI,WAS,129.0,112.0,1,1,90.5051285382167,10.192895225464191,2.5585557029177717,-7.63437400530504,0.13471177944862156,-3.7114661654135404,-10.606516290726816,0,1,5,2,1,0
2020-21,42000135,2021-06-02,NYK,ATL,89.0,103.0,0,1,-27.56693356050505,-3.9817586206896545,-4.379827586206897,-0.39793103448275846,0.02857142857142858,-5.5811688311688386,-7.177272727272722,0,1,5,-2,1,0
2020-21,42000145,2021-06-02,UTA,MEM,126.0,110.0,1,1,99.93890705418221,3.1922309523809527,7.922457142857142,4.730288095238095,0.21052631578947367,3.3157894736842053,-6.10526315789474,0,1,5,2,1,0
2020-21,42000175,2021-06-02,LAC,DAL,100.0,105.0,0,1,7.297392486539593,5.871299007444168,4.887816377171216,-0.9835918114143931,0.01103896103896107,0.4782467532467507,-2.374675324675323,0,1,5,0,0,0
2020-21,42000156,2021-06-03,LAL,PHX,100.0,113.0,0,1,-110.19409933214752,3.4347690476190484,-4.248449999999999,-7.683288095238094,-0.21867167919799502,-8.43953634085213,-2.3825187969924855,0,1,6,-1,1,0
2020-21,42000166,2021-06-03,POR,DEN,115.0,126.0,0,1,-48.30005234973237,-5.188555555555555,-1.2014444444444439,3.987111111111111,-0.09962406015037595,1.8674812030075145,4.554197994987462,0,1,6,-1,1,0
2020-21,42000176,2021-06-04,DAL,LAC,97.0,104.0,0,1,18.689994411547104,-5.871299007444168,-4.887816377171216,0.9835918114143931,-0.01103896103896107,-0.4782467532467507,2.374675324675323,0,1,6,1,1,0
2020-21,42000211,2021-06-05,BKN,MIL,115.0,107.0,1,1,-2.269061777861907,-2.14427380952381,2.837642857142856,4.981958333333334,0.05458089668615984,-2.298245614035082,-1.9912280701754383,-3,1,1,0,0,0
2020-21,42000177,2021-06-06,LAC,DAL,126.0,111.0,1,1,7.888414713338989,5.871299007444168,4.887816377171216,-0.9835918114143931,0.01103896103896107,0.4782467532467507,-2.374675324675323,0,1,7,0,1,0
2020-21,42000201,2021-06-06,PHI,ATL,124.0,128.0,0,1,23.870577486256025,2.6479297082228124,-1.2015822281167106,-3.849408488063661,0.1071428571428572,-0.5892857142857224,-4.821428571428569,0,1,1,0,0,0
2020-21,42000212,2021-06-07,BKN,MIL,125.0,86.0,1,1,12.248924885619317,-2.14427380952381,2.837642857142856,4.981958333333334,0.05458089668615984,-2.298245614035082,-1.9912280701754383,0,1,2,1,0,0
2020-21,42000231,2021-06-07,PHX,DEN,122.0,105.0,1,1,28.81220719648445,-5.537344444444445,-1.4031888888888893,4.134262962962962,0.07581453634085211,1.832393483709268,0.16823308270676307,0,1,1,0,0,0
2020-21,42000202,2021-06-08,PHI,ATL,118.0,102.0,1,1,-2.9724686028694123,2.6479297082228124,-1.2015822281167106,-3.849408488063661,0.1071428571428572,-0.5892857142857224,-4.821428571428569,0,1,2,-1,0,0
2020-21,42000221,2021-06-08,UTA,LAC,112.0,109.0,1,1,48.995283337190585,4.175612820512821,0.06213846153846081,-4.113264102564102,0.10111642743221694,3.7269537480063804,-0.5444976076555008,4,1,1,0,0,0
2020-21,42000232,2021-06-09,PHX,DEN,123.0,98.0,1,1,41.7192327401508,-5.537344444444445,-1.4031888888888893,4.134262962962962,0.07581453634085211,1.832393483709268,0.16823308270676307,0,1,2,1,0,0
2020-21,42000213,2021-06-10,MIL,BKN,86.0,83.0,1,1,-26.003169931377897,2.14427380952381,-2.837642857142856,-4.981958333333334,-0.05458089668615984,2.298245614035082,1.9912280701754383,0,1,3,-2,0,0
2020-21,42000222,2021-06-10,UTA,LAC,117.0,111.0,1,1,60.90820637234242,4.175612820512821,0.06213846153846081,-4.113264102564102,0.10111642743221694,3.7269537480063804,-0.5444976076555008,0,1,2,1,0,0
2020-21,42000203,2021-06-11,ATL,PHI,111.0,127.0,0,1,-11.582987991688697,-2.6479297082228124,1.2015822281167106,3.849408488063661,-0.1071428571428572,0.5892857142857224,4.821428571428569,0,1,3,0,0,0
2020-21,42000233,2021-06-11,DEN,PHX,102.0,116.0,0,1,-53.98545733485162,5.537344444444445,1.4031888888888893,-4.134262962962962,-0.07581453634085211,-1.832393483709268,-0.16823308270676307,0,1,3,-2,0,0
2020-21,42000223,2021-06-12,LAC,UTA,132.0,106.0,1,1,-72.25555315919996,-4.175612820512821,-0.06213846153846081,4.113264102564102,-0.10111642743221694,-3.7269537480063804,0.5444976076555008,0,1,3,-2,0,0
2020-21,42000214,2021-06-13,MIL,BKN,107.0,96.0,1,1,-10.19951156928687,2.14427380952381,-2.837642857142856,-4.981958333333334,-0.05458089668615984,2.298245614035082,1.9912280701754383,0,1,4,-1,0,0
2020-21,42000234,2021-06-13,DEN,PHX,118.0,125.0,0,1,-76.61888809137417,5.537344444444445,1.4031888888888893,-4.134262962962962,-0.07581453634085211,-1.832393483709268,-0.16823308270676307,0,1,4,-3,1,0
2020-21,42000204,2021-06-14,ATL,PHI,103.0,100.0,1,1,-36.56558030829774,-2.6479297082228124,1.2015822281167106,3.849408488063661,-0.1071428571428572,0.5892857142857224,4.821428571428569,0,1,4,-1,0,0
2020-21,42000224,2021-06-14,LAC,UTA,118.0,104.0,1,1,-53.8492657398931,-4.175612820512821,-0.06213846153846081,4.113264102564102,-0.10111642743221694,-3.7269537480063804,0.5444976076555008,0,1,4,-1,0,0
2020-21,42000215,2021-06-15,BKN,MIL,114.0,108.0,1,1,-4.743274089267061,-2.14427380952381,2.837642857142856,4.981958333333334,0.05458089668615984,-2.298245614035082,-1.9912280701754383,0,1,5,0,0,0
2020-21,42000205,2021-06-16,PHI,ATL,106.0,109.0,0,1,20.17711765718559,2.6479297082228124,-1.2015822281167106,-3.849408488063661,0.1071428571428572,-0.5892857142857224,-4.821428571428569,0,1,5,0,0,0
2020-21,42000225,2021-06-16,UTA,LAC,111.0,119.0,0,1,36.49039999480124,4.175612820512821,0.06213846153846081,-4.113264102564102,0.10111642743221694,3.7269537480063804,-0.5444976076555008,0,1,5,0,0,0
2020-21,42000216,2021-06-17,MIL,BKN,104.0,89.0,1,1,-9.90669436084022,2.14427380952381,-2.837642857142856,-4.981958333333334,-0.05458089668615984,2.298245614035082,1.9912280701754383,0,1,6,-1,1,0
2020-21,42000206,2021-06-18,ATL,PHI,99.0,104.0,0,1,6.477527800424468,-2.6479297082228124,1.2015822281167106,3.849408488063661,-0.1071428571428572,0.5892857142857224,4.821428571428569,0,1,6,1,1,0
2020-21,42000226,2021-06-18,LAC,UTA,131.0,119.0,1,1,-9.014091949895146,-4.175612820512821,-0.06213846153846081,4.113264102564102,-0.10111642743221694,-3.7269537480063804,0.5444976076555008,0,1,6,1,1,0
2020-21,42000217,2021-06-19,BKN,MIL,111.0,115.0,0,1,-5.020316492273423,-2.14427380952381,2.837642857142856,4.981958333333334,0.05458089668615984,-2.298245614035082,-1.9912280701754383,0,1,7,0,1,0
2020-21,42000207,2021-06-20,PHI,ATL,96.0,103.0,0,1,19.466863327322244,2.6479297082228124,-1.2015822281167106,-3.849408488063661,0.1071428571428572,-0.5892857142857224,-4.821428571428569,0,1,7,0,1,0
2020-21,42000311,2021-06-20,PHX,LAC,120.0,114.0,1,1,85.79626245232407,-0.8988871794871796,-2.759761538461539,-1.8607641025641024,0.13620414673046255,2.604146730462517,1.560765550239239,5,1,1,0,0,0
2020-21,42000312,2021-06-22,PHX,LAC,104.0,103.0,1,1,96.01596709588807,-0.8988871794871796,-2.759761538461539,-1.8607641025641024,0.13620414673046255,2.604146730462517,1.560765550239239,0,1,2,1,0,0
2020-21,42000301,2021-06-23,MIL,ATL,113.0,116.0,0,1,30.33498851977265,-0.6313669950738907,2.9652364532019715,3.5967068965517237,0.07769423558897248,6.26253132832079,2.9078947368421098,1,1,1,0,0,0
2020-21,42000313,2021-06-24,LAC,PHX,106.0,92.0,1,1,-105.7945327312766,0.8988871794871796,2.759761538461539,1.8607641025641024,-0.13620414673046255,-2.604146730462517,-1.560765550239239,0,1,3,-2,0,0
2020-21,42000302,2021-06-25,MIL,ATL,125.0,91.0,1,1,3.165500436925413,-0.6313669950738907,2.9652364532019715,3.5967068965517237,0.07769423558897248,6.26253132832079,2.9078947368421098,0,1,2,-1,0,0
2020-21,42000314,2021-06-26,LAC,PHX,80.0,84.0,0,1,-85.46100353787438,0.8988871794871796,2.759761538461539,1.8607641025641024,-0.13620414673046255,-2.604146730462517,-1.560765550239239,0,1,4,-1,0,0
2020-21,42000303,2021-06-27,ATL,MIL,102.0,113.0,0,1,-17.395411089041772,0.6313669950738907,-2.9652364532019715,-3.5967068965517237,-0.07769423558897248,-6.26253132832079,-2.9078947368421098,0,1,3,0,0,0
2020-21,42000315,2021-06-28,PHX,LAC,102.0,116.0,0,1,106.29744726520516,-0.8988871794871796,-2.759761538461539,-1.8607641025641024,0.13620414673046255,2.604146730462517,1.560765550239239,0,1,5,2,1,0
2020-21,42000304,2021-06-29,ATL,MIL,110.0,88.0,1,1,-42.0628960395743,0.6313669950738907,-2.9652364532019715,-3.5967068965517237,-0.07769423558897248,-6.26253132832079,-2.9078947368421098,0,1,4,-1,0,0
2020-21,42000316,2021-06-30,LAC,PHX,103.0,130.0,0,1,-75.64538945292111,0.8988871794871796,2.759761538461539,1.8607641025641024,-0.13620414673046255,-2.604146730462517,-1.560765550239239,0,1,6,-1,1,0
2020-21,42000305,2021-07-01,MIL,ATL,123.0,112.0,1,1,25.367449799150563,-0.6313669950738907,2.9652364532019715,3.5967068965517237,0.07769423558897248,6.26253132832079,2.9078947368421098,0,1,5,0,0,0
2020-21,42000306,2021-07-03,ATL,MIL,107.0,118.0,0,1,-38.448436670455976,0.6313669950738907,-2.9652364532019715,-3.5967068965517237,-0.07769423558897248,-6.26253132832079,-2.9078947368421098,0,1,6,-1,1,0
2020-21,42000401,2021-07-06,PHX,MIL,118.0,105.0,1,1,32.319551195734675,-0.7175904761904768,-1.3071571428571445,-0.5895333333333335,0.10526315789473684,-3.9122807017543835,-5.578947368421055,3,1,1,0,0,0
2020-21,42000402,2021-07-08,PHX,MIL,118.0,108.0,1,1,45.05070738890572,-0.7175904761904768,-1.3071571428571445,-0.5895333333333335,0.10526315789473684,-3.9122807017543835,-5.578947368421055,0,1,2,1,0,0
2020-21,42000403,2021-07-11,MIL,PHX,120.0,100.0,1,1,-57.15444015059438,0.7175904761904768,1.3071571428571445,0.5895333333333335,-0.10526315789473684,3.9122807017543835,5.578947368421055,0,1,3,-2,0,0
2020-21,42000404,2021-07-14,MIL,PHX,109.0,103.0,1,1,-39.608401739663805,0.7175904761904768,1.3071571428571445,0.5895333333333335,-0.10526315789473684,3.9122807017543835,5.578947368421055,0,1,4,-1,0,0
2020-21,42000405,2021-07-17,PHX,MIL,119.0,123.0,0,1,23.050227732087023,-0.7175904761904768,-1.3071571428571445,-0.5895333333333335,0.10526315789473684,-3.9122807017543835,-5.578947368421055,0,1,5,0,0,0
2020-21,42000406,2021-07-20,MIL,PHX,105.0,98.0,1,1,3.7510899218987106,0.7175904761904768,1.3071571428571445,0.5895333333333335,-0.10526315789473684,3.9122807017543835,5.578947368421055,0,1,6,1,1,0
2021-22,42100131,2022-04-16,PHI,TOR,131.0,111.0,1,1,-1.7274191557032736,-12.979090909090912,1.2592424242424245,14.238424242424243,0.015151515151515138,0.1666666666666714,0.4090909090909065,0,1,1,0,0,0
2021-22,42100151,2022-04-16,MEM,MIN,117.0,130.0,0,1,61.599434337257435,0.33804032258064787,2.768727822580645,2.4308145161290318,0.11940298507462688,-1.6716417910447632,-5.671641791044777,0,1,1,0,0,0
2021-22,42100161,2022-04-16,GSW,DEN,123.0,107.0,1,1,-2.0954642407943993,8.029187499999999,0.5185312500000001,-7.51059375,0.008819538670284954,-4.68204432383537,-6.349615558570775,0,1,1,0,0,0
2021-22,42100171,2022-04-16,DAL,UTA,93.0,99.0,0,1,85.81584090539309,-5.176027629233512,-6.2806221033868095,-1.104444741532977,0.05970149253731338,-5.28358208955224,-4.343283582089555,0,1,1,0,0,0
2021-22,42100101,2022-04-17,MIA,ATL,115.0,91.0,1,1,40.14256560278568,8.114147058823528,-1.3630294117647042,-9.477088235294119,0.09090909090909094,-5.196969696969703,-6.712121212121218,0,1,1,0,0,0
2021-22,42100111,2022-04-17,BOS,BKN,115.0,114.0,1,1,125.66955394789488,4.2834754901960785,-2.0570326797385623,-6.340532679738562,0.14925373134328357,-1.134328358208947,-9.805970149253739,0,1,1,0,0,0
2021-22,42100121,2022-04-17,MIL,CHI,93.0,86.0,1,1,98.3099289215661,0.03182352941176475,-0.38182352941176445,-0.4136176470588233,0.1142017186793306,5.18656716417911,-0.8039348710990453,0,1,1,0,0,0
2021-22,42100141,2022-04-17,PHX,NOP,110.0,99.0,1,1,156.90416879315467,7.535134191176471,5.866137867647059,-1.6689944852941179,0.2609678878335595,4.639981908638617,-2.1345545002261446,0,1,1,0,0,0
2021-22,42100132,2022-04-18,PHI,TOR,112.0,97.0,1,1,12.761742941784405,-12.979090909090912,1.2592424242424245,14.238424242424243,0.015151515151515138,0.1666666666666714,0.4090909090909065,0,1,2,1,0,0
2021-22,42100162,2022-04-18,GSW,DEN,126.0,106.0,1,1,12.413281403200244,8.029187499999999,0.5185312500000001,-7.51059375,0.008819538670284954,-4.68204432383537,-6.349615558570775,0,1,2,1,0,0
2021-22,42100172,2022-04-18,DAL,UTA,110.0,104.0,1,1,56.034688058179654,-5.176027629233512,-6.2806221033868095,-1.104444741532977,0.05970149253731338,-5.28358208955224,-4.343283582089555,0,1,2,-1,0,0
2021-22,42100102,2022-04-19,MIA,ATL,115.0,105.0,1,1,52.48611439306501,8.114147058823528,-1.3630294117647042,-9.477088235294119,0.09090909090909094,-5.196969696969703,-6.712121212121218,0,1,2,1,0,0
2021-22,42100142,2022-04-19,PHX,NOP,114.0,125.0,0,1,164.32816003819403,7.535134191176471,5.866137867647059,-1.6689944852941179,0.2609678878335595,4.639981908638617,-2.1345545002261446,0,1,2,1,0,0
2021-22,42100152,2022-04-19,MEM,MIN,124.0,96.0,1,1,32.91446628815561,0.33804032258064787,2.768727822580645,2.4308145161290318,0.11940298507462688,-1.6716417910447632,-5.671641791044777,0,1,2,-1,0,0
2021-22,42100112,2022-04-20,BOS,BKN,114.0,107.0,1,1,134.24249527559937,4.2834754901960785,-2.0570326797385623,-6.340532679738562,0.14925373134328357,-1.134328358208947,-9.805970149253739,0,1,2,1,0,0
2021-22,42100122,2022-04-20,MIL,CHI,110.0,114.0,0,1,107.99126398864064,0.03182352941176475,-0.38182352941176445,-0.4136176470588233,0.1142017186793306,5.18656716417911,-0.8039348710990453,0,1,2,1,0,0
2021-22,42100133,2022-04-20,TOR,PHI,101.0,104.0,0,1,-26.48935901629534,12.979090909090912,-1.2592424242424245,-14.238424242424243,-0.015151515151515138,-0.1666666666666714,-0.4090909090909065,0,1,3,-2,0,0
2021-22,42100153,2022-04-21,MIN,MEM,95.0,104.0,0,1,-45.61591850078344,-0.33804032258064787,-2.768727822580645,-2.4308145161290318,-0.11940298507462688,1.6716417910447632,5.671641791044777,0,1,3,0,0,0
2021-22,42100163,2022-04-21,DEN,GSW,113.0,118.0,0,1,-26.15898927210651,-8.029187499999999,-0.5185312500000001,7.51059375,-0.008819538670284954,4.68204432383537,6.349615558570775,0,1,3,-2,0,0
2021-22,42100173,2022-04-21,UTA,DAL,118.0,126.0,0,1,-67.61144487760885,5.176027629233512,6.2806221033868095,1.104444741532977,-0.05970149253731338,5.28358208955224,4.343283582089555,0,1,3,0,0,0
2021-22,42100103,2022-04-22,ATL,MIA,111.0,110.0,1,1,-64.23163027028272,-8.114147058823528,1.3630294117647042,9.477088235294119,-0.09090909090909094,5.196969696969703,6.712121212121218,0,1,3,-2,0,0
2021-22,42100123,2022-04-22,CHI,MIL,81.0,111.0,0,1,-77.26954221901406,-0.03182352941176475,0.38182352941176445,0.4136176470588233,-0.1142017186793306,-5.18656716417911,0.8039348710990453,0,1,3,0,0,0
2021-22,42100143,2022-04-22,NOP,PHX,111.0,114.0,0,1,-131.49722955197944,-7.535134191176471,-5.866137867647059,1.6689944852941179,-0.2609678878335595,-4.639981908638617,2.1345545002261446,0,1,3,0,0,0
2021-22,42100113,2022-04-23,BKN,BOS,103.0,109.0,0,1,-142.48772465075103,-4.2834754901960785,2.0570326797385623,6.340532679738562,-0.14925373134328357,1.134328358208947,9.805970149253739,0,1,3,-2,0,0
2021-22,42100134,2022-04-23,TOR,PHI,110.0,102.0,1,1,-50.65893761071561,12.979090909090912,-1.2592424242424245,-14.238424242424243,-0.015151515151515138,-0.1666666666666714,-0.4090909090909065,0,1,4,-3,1,0
2021-22,42100154,2022-04-23,MIN,MEM,119.0,118.0,1,1,-68.72119774574617,-0.33804032258064787,-2.768727822580645,-2.4308145161290318,-0.11940298507462688,1.6716417910447632,5.671641791044777,0,1,4,-1,0,0
2021-22,42100174,2022-04-23,UTA,DAL,100.0,99.0,1,1,-89.47049786017669,5.176027629233512,6.2806221033868095,1.104444741532977,-0.05970149253731338,5.28358208955224,4.343283582089555,0,1,4,-1,0,0
2021-22,42100104,2022-04-24,ATL,MIA,86.0,110.0,0,1,-46.283379683258545,-8.114147058823528,1.3630294117647042,9.477088235294119,-0.09090909090909094,5.196969696969703,6.712121212121218,0,1,4,-1,0,0
2021-22,42100124,2022-04-24,CHI,MIL,95.0,119.0,0,1,-98.5761488866383,-0.03182352941176475,0.38182352941176445,0.4136176470588233,-0.1142017186793306,-5.18656716417911,0.8039348710990453,0,1,4,-1,0,0
2021-22,42100144,2022-04-24,NOP,PHX,118.0,103.0,1,1,-149.68905409632202,-7.535134191176471,-5.866137867647059,1.6689944852941179,-0.2609678878335595,-4.639981908638617,2.1345545002261446,0,1,4,-1,0,0
2021-22,42100164,2022-04-24,DEN,GSW,126.0,121.0,1,1,-50.34675529553692,-8.029187499999999,-0.5185312500000001,7.51059375,-0.008819538670284954,4.68204432383537,6.349615558570775,0,1,4,-3,1,0
2021-22,42100114,2022-04-25,BKN,BOS,112.0,116.0,0,1,-160.0540541596231,-4.2834754901960785,2.0570326797385623,6.340532679738562,-0.14925373134328357,1.134328358208947,9.805970149253739,0,1,4,-3,1,0
2021-22,42100135,2022-04-25,PHI,TOR,88.0,103.0,0,1,33.48029564001649,-12.979090909090912,1.2592424242424245,14.238424242424243,0.015151515151515138,0.1666666666666714,0.4090909090909065,0,1,5,2,1,0
2021-22,42100175,2022-04-25,DAL,UTA,102.0,77.0,1,1,70.07643922424404,-5.176027629233512,-6.2806221033868095,-1.104444741532977,0.05970149253731338,-5.28358208955224,-4.343283582089555,0,1,5,0,0,0
2021-22,42100105,2022-04-26,MIA,ATL,97.0,94.0,1,1,69.35115187153247,8.114147058823528,-1.3630294117647042,-9.477088235294119,0.09090909090909094,-5.196969696969703,-6.712121212121218,0,1,5,2,1,0
2021-22,42100145,2022-04-26,PHX,NOP,112.0,97.0,1,1,126.84806547445555,7.535134191176471,5.866137867647059,-1.6689944852941179,0.2609678878335595,4.639981908638617,-2.1345545002261446,0,1,5,0,0,0
2021-22,42100155,2022-04-26,MEM,MIN,111.0,109.0,1,1,50.51690158230463,0.33804032258064787,2.768727822580645,2.4308145161290318,0.11940298507462688,-1.6716417910447632,-5.671641791044777,0,1,5,0,0,0
2021-22,42100125,2022-04-27,MIL,CHI,116.0,100.0,1,1,118.65811188648877,0.03182352941176475,-0.38182352941176445,-0.4136176470588233,0.1142017186793306,5.18656716417911,-0.8039348710990453,0,1,5,2,1,0
2021-22,42100165,2022-04-27,GSW,DEN,102.0,98.0,1,1,33.18572412763365,8.029187499999999,0.5185312500000001,-7.51059375,0.008819538670284954,-4.68204432383537,-6.349615558570775,0,1,5,2,1,0
2021-22,42100136,2022-04-28,TOR,PHI,97.0,132.0,0,1,-6.1535305376748966,12.979090909090912,-1.2592424242424245,-14.238424242424243,-0.015151515151515138,-0.1666666666666714,-0.4090909090909065,0,1,6,-1,1,0
2021-22,42100146,2022-04-28,NOP,PHX,109.0,115.0,0,1,-135.37540094759038,-7.535134191176471,-5.866137867647059,1.6689944852941179,-0.2609678878335595,-4.639981908638617,2.1345545002261446,0,1,6,-1,1,0
2021-22,42100176,2022-04-28,UTA,DAL,96.0,98.0,0,1,-80.99974207987907,5.176027629233512,6.2806221033868095,1.104444741532977,-0.05970149253731338,5.28358208955224,4.343283582089555,0,1,6,-1,1,0
2021-22,42100156,2022-04-29,MIN,MEM,106.0,114.0,0,1,-62.35668459124986,-0.33804032258064787,-2.768727822580645,-2.4308145161290318,-0.11940298507462688,1.6716417910447632,5.671641791044777,0,1,6,-1,1,0
2021-22,42100211,2022-05-01,BOS,MIL,89.0,101.0,0,1,41.06975941712426,3.5340931372549025,-2.016062091503268,-5.5501797385620915,0.005201266395296278,-4.604477611940297,-9.091587516960658,2,1,1,0,0,0
2021-22,42100231,2022-05-01,MEM,GSW,116.0,117.0,0,1,70.55685627003209,2.8969375,0.3233749999999995,-2.5736250000000007,0.1255088195386702,6.443238353686127,2.6331976481230157,-2,1,1,0,0,0
2021-22,42100201,2022-05-02,MIA,PHI,106.0,92.0,1,1,-9.040138820643506,7.831601604278075,1.5220240641711236,-6.309726381461676,0.0,-0.5,-1.393939393939391,2,1,1,0,0,0
2021-22,42100221,2022-05-02,PHX,DAL,121.0,114.0,1,1,30.457931491991076,4.902369485294118,3.0433143382352945,-1.8590827205882352,0.13432835820895528,6.9402985074626855,3.4626865671641838,0,1,1,0,0,0
2021-22,42100212,2022-05-03,BOS,MIL,109.0,86.0,1,1,13.367803300534433,3.5340931372549025,-2.016062091503268,-5.5501797385620915,0.005201266395296278,-4.604477611940297,-9.091587516960658,0,1,2,-1,0,0
2021-22,42100232,2022-05-03,MEM,GSW,106.0,101.0,1,1,41.45821388067384,2.8969375,0.3233749999999995,-2.5736250000000007,0.1255088195386702,6.443238353686127,2.6331976481230157,0,1,2,-1,0,0
2021-22,42100202,2022-05-04,MIA,PHI,119.0,103.0,1,1,5.840228062644428,7.831601604278075,1.5220240641711236,-6.309726381461676,0.0,-0.5,-1.393939393939391,0,1,2,1,0,0
2021-22,42100222,2022-05-04,PHX,DAL,129.0,109.0,1,1,43.282276468763484,4.902369485294118,3.0433143382352945,-1.8590827205882352,0.13432835820895528,6.9402985074626855,3.4626865671641838,0,1,2,1,0,0
2021-22,42100203,2022-05-06,PHI,MIA,99.0,79.0,1,1,-19.92930024838347,-7.831601604278075,-1.5220240641711236,6.309726381461676,0.0,0.5,1.393939393939391,0,1,3,-2,0,0
2021-22,42100223,2022-05-06,DAL,PHX,103.0,94.0,1,1,-55.47211239178978,-4.902369485294118,-3.0433143382352945,1.8590827205882352,-0.13432835820895528,-6.9402985074626855,-3.4626865671641838,0,1,3,-2,0,0
2021-22,42100213,2022-05-07,MIL,BOS,103.0,101.0,1,1,-27.063980411099692,-3.5340931372549025,2.016062091503268,5.5501797385620915,-0.005201266395296278,4.604477611940297,9.091587516960658,0,1,3,0,0,0
2021-22,42100233,2022-05-07,GSW,MEM,142.0,112.0,1,1,-53.73722091067634,-2.8969375,-0.3233749999999995,2.5736250000000007,-0.1255088195386702,-6.443238353686127,-2.6331976481230157,0,1,3,0,0,0
2021-22,42100204,2022-05-08,PHI,MIA,116.0,108.0,1,1,-4.458634308487262,-7.831601604278075,-1.5220240641711236,6.309726381461676,0.0,0.5,1.393939393939391,0,1,4,-1,0,0
2021-22,42100224,2022-05-08,DAL,PHX,111.0,101.0,1,1,-38.02140122316359,-4.902369485294118,-3.0433143382352945,1.8590827205882352,-0.13432835820895528,-6.9402985074626855,-3.4626865671641838,0,1,4,-1,0,0
2021-22,42100214,2022-05-09,MIL,BOS,108.0,116.0,0,1,-11.201907933246275,-3.5340931372549025,2.016062091503268,5.5501797385620915,-0.005201266395296278,4.604477611940297,9.091587516960658,0,1,4,1,0,0
2021-22,42100234,2022-05-09,GSW,MEM,101.0,98.0,1,1,-36.384692236093315,-2.8969375,-0.3233749999999995,2.5736250000000007,-0.1255088195386702,-6.443238353686127,-2.6331976481230157,0,1,4,1,0,0
2021-22,42100205,2022-05-10,MIA,PHI,120.0,85.0,1,1,-10.17612477137368,7.831601604278075,1.5220240641711236,-6.309726381461676,0.0,-0.5,-1.393939393939391,0,1,5,0,0,0
2021-22,42100225,2022-05-10,PHX,DAL,110.0,80.0,1,1,21.551806544168812,4.902369485294118,3.0433143382352945,-1.8590827205882352,0.13432835820895528,6.9402985074626855,3.4626865671641838,0,1,5,0,0,0
2021-22,42100215,2022-05-11,BOS,MIL,107.0,110.0,0,1,36.205069836772054,3.5340931372549025,-2.016062091503268,-5.5501797385620915,0.005201266395296278,-4.604477611940297,-9.091587516960658,0,1,5,0,0,0
2021-22,42100235,2022-05-11,MEM,GSW,134.0,95.0,1,1,20.006301852439492,2.8969375,0.3233749999999995,-2.5736250000000007,0.1255088195386702,6.443238353686127,2.6331976481230157,0,1,5,-2,1,0
2021-22,42100206,2022-05-12,PHI,MIA,90.0,99.0,0,1,-4.7654007337343955,-7.831601604278075,-1.5220240641711236,6.309726381461676,0.0,0.5,1.393939393939391,0,1,6,-1,1,0
2021-22,42100226,2022-05-12,DAL,PHX,113.0,86.0,1,1,-34.82688144907797,-4.902369485294118,-3.0433143382352945,1.8590827205882352,-0.13432835820895528,-6.9402985074626855,-3.4626865671641838,0,1,6,-1,1,0
2021-22,42100216,2022-05-13,MIL,BOS,95.0,108.0,0,1,-8.742895866663275,-3.5340931372549025,2.016062091503268,5.5501797385620915,-0.005201266395296278,4.604477611940297,9.091587516960658,0,1,6,1,1,0
2021-22,42100236,2022-05-13,GSW,MEM,110.0,96.0,1,1,-33.360402159744126,-2.8969375,-0.3233749999999995,2.5736250000000007,-0.1255088195386702,-6.443238353686127,-2.6331976481230157,0,1,6,1,1,0
2021-22,42100217,2022-05-15,BOS,MIL,109.0,81.0,1,1,33.87851495358791,3.5340931372549025,-2.016062091503268,-5.5501797385620915,0.005201266395296278,-4.604477611940297,-9.091587516960658,0,1,7,0,1,0
2021-22,42100227,2022-05-15,PHX,DAL,90.0,123.0,0,1,18.53515446929714,4.902369485294118,3.0433143382352945,-1.8590827205882352,0.13432835820895528,6.9402985074626855,3.4626865671641838,0,1,7,0,1,0
2021-22,42100301,2022-05-17,MIA,BOS,118.0,107.0,1,1,-32.423484229531596,2.4742303921568616,2.5596503267973865,0.08541503267973827,-0.020352781546811416,-2.9561284486657655,2.3188602442333774,3,1,1,0,0,0
2021-22,42100311,2022-05-18,GSW,DAL,112.0,87.0,1,1,-47.94819279741023,5.695900735294117,1.2745330882352943,-4.421301470588235,-0.05088195386702843,1.482134780642241,2.1578471279963907,2,1,1,0,0,0
2021-22,42100302,2022-05-19,MIA,BOS,102.0,127.0,0,1,-16.26517841030386,2.4742303921568616,2.5596503267973865,0.08541503267973827,-0.020352781546811416,-2.9561284486657655,2.3188602442333774,0,1,2,1,0,0
2021-22,42100312,2022-05-20,GSW,DAL,126.0,117.0,1,1,-30.922317322165327,5.695900735294117,1.2745330882352943,-4.421301470588235,-0.05088195386702843,1.482134780642241,2.1578471279963907,0,1,2,1,0,0
2021-22,42100303,2022-05-21,BOS,MIA,103.0,109.0,0,1,40.994134423779315,-2.4742303921568616,-2.5596503267973865,-0.08541503267973827,0.020352781546811416,2.9561284486657655,-2.3188602442333774,0,1,3,0,0,0
2021-22,42100313,2022-05-22,DAL,GSW,100.0,109.0,0,1,14.847167702860588,-5.695900735294117,-1.2745330882352943,4.421301470588235,0.05088195386702843,-1.482134780642241,-2.1578471279963907,0,1,3,-2,0,0
2021-22,42100304,2022-05-23,BOS,MIA,102.0,82.0,1,1,13.295886343081975,-2.4742303921568616,-2.5596503267973865,-0.08541503267973827,0.020352781546811416,2.9561284486657655,-2.3188602442333774,0,1,4,-1,0,0
2021-22,42100314,2022-05-24,DAL,GSW,119.0,109.0,1,1,-11.533250821711135,-5.695900735294117,-1.2745330882352943,4.421301470588235,0.05088195386702843,-1.482134780642241,-2.1578471279963907,0,1,4,-3,1,0
2021-22,42100305,2022-05-25,MIA,BOS,80.0,93.0,0,1,-26.995792292164197,2.4742303921568616,2.5596503267973865,0.08541503267973827,-0.020352781546811416,-2.9561284486657655,2.3188602442333774,0,1,5,0,0,0
2021-22,42100315,2022-05-26,GSW,DAL,120.0,110.0,1,1,-3.4814715558363787,5.695900735294117,1.2745330882352943,-4.421301470588235,-0.05088195386702843,1.482134780642241,2.1578471279963907,0,1,5,2,1,0
2021-22,42100306,2022-05-27,BOS,MIA,103.0,111.0,0,1,51.137476861801815,-2.4742303921568616,-2.5596503267973865,-0.08541503267973827,0.020352781546811416,2.9561284486657655,-2.3188602442333774,0,1,6,1,1,0
2021-22,42100307,2022-05-29,MIA,BOS,96.0,100.0,0,1,-22.947505342462364,2.4742303921568616,2.5596503267973865,0.08541503267973827,-0.020352781546811416,-2.9561284486657655,2.3188602442333774,0,1,7,0,1,0
2021-22,42100401,2022-06-02,GSW,BOS,108.0,120.0,0,1,-30.83412976489558,2.9668958333333326,1.6285069444444447,-1.3381805555555557,-0.06580732700135683,-2.5924920850294058,2.5309814563545956,3,1,1,0,0,0
2021-22,42100402,2022-06-05,GSW,BOS,107.0,88.0,1,1,-54.76386088512868,2.9668958333333326,1.6285069444444447,-1.3381805555555557,-0.06580732700135683,-2.5924920850294058,2.5309814563545956,0,1,2,-1,0,0
2021-22,42100403,2022-06-08,BOS,GSW,116.0,100.0,1,1,37.35324707469749,-2.9668958333333326,-1.6285069444444447,1.3381805555555557,0.06580732700135683,2.5924920850294058,-2.5309814563545956,0,1,3,0,0,0
2021-22,42100404,2022-06-10,BOS,GSW,97.0,107.0,0,1,49.834249988033434,-2.9668958333333326,-1.6285069444444447,1.3381805555555557,0.06580732700135683,2.5924920850294058,-2.5309814563545956,0,1,4,1,0,0
2021-22,42100405,2022-06-13,GSW,BOS,104.0,94.0,1,1,-21.706814004447324,2.9668958333333326,1.6285069444444447,-1.3381805555555557,-0.06580732700135683,-2.5924920850294058,2.5309814563545956,0,1,5,0,0,0
2021-22,42100406,2022-06-16,BOS,GSW,90.0,103.0,0,1,6.138962194832175,-2.9668958333333326,-1.6285069444444447,1.3381805555555557,0.06580732700135683,2.5924920850294058,-2.5309814563545956,0,1,6,-1,1,0
2022-23,42200111,2023-04-15,BOS,ATL,112.0,99.0,1,1,125.06322213983822,-0.6616461675579326,5.653897504456327,6.315545454545454,0.19402985074626872,-1.8955223880597032,-8.074626865671647,0,1,1,0,0,0
2022-23,42200121,2023-04-15,PHI,BKN,121.0,101.0,1,1,118.34412868700133,5.767751838235295,-0.07523345588235264,-5.843134191176471,0.11080958842152866,2.7014925373134275,-0.8175033921302486,0,1,1,0,0,0
2022-23,42200131,2023-04-15,CLE,NYK,97.0,101.0,0,1,16.223576406194525,1.3761453781512611,0.3655857142857144,-1.0106806722689075,0.04477611940298509,-4.955223880597018,-6.388059701492537,0,1,1,0,0,0
2022-23,42200161,2023-04-15,SAC,GSW,126.0,123.0,1,1,-8.514427059386207,1.2284338235294123,3.0909319852941173,1.8625588235294122,0.014925373134328401,1.2835820895522403,1.3283582089552368,0,1,1,0,0,0
2022-23,42200101,2023-04-16,MIL,MIA,117.0,130.0,0,1,102.91626020796161,-1.8160806451612905,1.1956139112903224,3.0115685483870966,0.14925373134328357,8.985074626865668,5.089552238805965,0,1,1,0,0,0
2022-23,42200141,2023-04-16,DEN,MIN,109.0,80.0,1,1,36.07982171467006,2.799322916666667,4.787899305555555,1.9884618055555556,0.13432835820895528,0.04477611940298232,-3.9552238805970177,0,1,1,0,0,0
2022-23,42200151,2023-04-16,MEM,LAL,112.0,128.0,0,1,5.195265442999471,12.271597235023041,0.23889585253456225,-12.032482949308756,0.059701492537313494,-0.9552238805970035,-4.25373134328359,0,1,1,0,0,0
2022-23,42200171,2023-04-16,PHX,LAC,110.0,115.0,0,1,11.511919440757083,12.548940285204992,2.985288770053476,-9.563650623885918,0.0,-2.1791044776119435,-2.283582089552226,0,1,1,0,0,0
2022-23,42200122,2023-04-17,PHI,BKN,96.0,84.0,1,1,127.20451883110923,5.767751838235295,-0.07523345588235264,-5.843134191176471,0.11080958842152866,2.7014925373134275,-0.8175033921302486,0,1,2,1,0,0
2022-23,42200162,2023-04-17,SAC,GSW,114.0,106.0,1,1,6.33767138563212,1.2284338235294123,3.0909319852941173,1.8625588235294122,0.014925373134328401,1.2835820895522403,1.3283582089552368,0,1,2,1,0,0
2022-23,42200112,2023-04-18,BOS,ATL,119.0,106.0,1,1,133.65969620541136,-0.6616461675579326,5.653897504456327,6.315545454545454,0.19402985074626872,-1.8955223880597032,-8.074626865671647,0,1,2,1,0,0
2022-23,42200132,2023-04-18,CLE,NYK,107.0,90.0,1,1,-10.227920537179443,1.3761453781512611,0.3655857142857144,-1.0106806722689075,0.04477611940298509,-4.955223880597018,-6.388059701492537,0,1,2,-1,0,0
2022-23,42200172,2023-04-18,PHX,LAC,123.0,109.0,1,1,-14.695522230244023,12.548940285204992,2.985288770053476,-9.563650623885918,0.0,-2.1791044776119435,-2.283582089552226,0,1,2,-1,0,0
2022-23,42200102,2023-04-19,MIL,MIA,138.0,122.0,1,1,72.40434935115604,-1.8160806451612905,1.1956139112903224,3.0115685483870966,0.14925373134328357,8.985074626865668,5.089552238805965,0,1,2,-1,0,0
2022-23,42200142,2023-04-19,DEN,MIN,122.0,113.0,1,1,48.623854755083585,2.799322916666667,4.787899305555555,1.9884618055555556,0.13432835820895528,0.04477611940298232,-3.9552238805970177,0,1,2,1,0,0
2022-23,42200152,2023-04-19,MEM,LAL,103.0,93.0,1,1,-20.681759736869708,12.271597235023041,0.23889585253456225,-12.032482949308756,0.059701492537313494,-0.9552238805970035,-4.25373134328359,0,1,2,-1,0,0
2022-23,42200123,2023-04-20,BKN,PHI,97.0,102.0,0,1,-135.71809521754562,-5.767751838235295,0.07523345588235264,5.843134191176471,-0.11080958842152866,-2.7014925373134275,0.8175033921302486,0,1,3,-2,0,0
2022-23,42200163,2023-04-20,GSW,SAC,114.0,97.0,1,1,-20.40062071630905,-1.2284338235294123,-3.0909319852941173,-1.8625588235294122,-0.014925373134328401,-1.2835820895522403,-1.3283582089552368,0,1,3,-2,0,0
2022-23,42200173,2023-04-20,LAC,PHX,124.0,129.0,0,1,-0.4903083120584597,-12.548940285204992,-2.985288770053476,9.563650623885918,0.0,2.1791044776119435,2.283582089552226,0,1,3,0,0,0
2022-23,42200113,2023-04-21,ATL,BOS,130.0,122.0,1,1,-141.9269069248453,0.6616461675579326,-5.653897504456327,-6.315545454545454,-0.19402985074626872,1.8955223880597032,8.074626865671647,0,1,3,-2,0,0
2022-23,42200133,2023-04-21,NYK,CLE,99.0,79.0,1,1,-4.7163959426709425,-1.3761453781512611,-0.3655857142857144,1.0106806722689075,-0.04477611940298509,4.955223880597018,6.388059701492537,0,1,3,0,0,0
2022-23,42200143,2023-04-21,MIN,DEN,111.0,120.0,0,1,-60.55467080488802,-2.799322916666667,-4.787899305555555,-1.9884618055555556,-0.13432835820895528,-0.04477611940298232,3.9552238805970177,0,1,3,-2,0,0
2022-23,42200103,2023-04-22,MIA,MIL,121.0,99.0,1,1,-83.22157162824283,1.8160806451612905,-1.1956139112903224,-3.0115685483870966,-0.14925373134328357,-8.985074626865668,-5.089552238805965,0,1,3,0,0,0
2022-23,42200124,2023-04-22,BKN,PHI,88.0,96.0,0,1,-153.66920942325964,-5.767751838235295,0.07523345588235264,5.843134191176471,-0.11080958842152866,-2.7014925373134275,0.8175033921302486,0,1,4,-3,1,0
2022-23,42200153,2023-04-22,LAL,MEM,111.0,101.0,1,1,5.1699801524084705,-12.271597235023041,-0.23889585253456225,12.032482949308756,-0.059701492537313494,0.9552238805970035,4.25373134328359,0,1,3,0,0,0
2022-23,42200174,2023-04-22,LAC,PHX,100.0,112.0,0,1,-26.066888469255446,-12.548940285204992,-2.985288770053476,9.563650623885918,0.0,2.1791044776119435,2.283582089552226,0,1,4,-1,0,0
2022-23,42200114,2023-04-23,ATL,BOS,121.0,129.0,0,1,-119.52504790338162,0.6616461675579326,-5.653897504456327,-6.315545454545454,-0.19402985074626872,1.8955223880597032,8.074626865671647,0,1,4,-1,0,0
2022-23,42200134,2023-04-23,NYK,CLE,102.0,93.0,1,1,9.93213602199171,-1.3761453781512611,-0.3655857142857144,1.0106806722689075,-0.04477611940298509,4.955223880597018,6.388059701492537,0,1,4,1,0,0
2022-23,42200144,2023-04-23,MIN,DEN,114.0,108.0,1,1,-82.81562050129992,-2.799322916666667,-4.787899305555555,-1.9884618055555556,-0.13432835820895528,-0.04477611940298232,3.9552238805970177,0,1,4,-3,1,0
2022-23,42200164,2023-04-23,GSW,SAC,126.0,125.0,1,1,-4.904206986937652,-1.2284338235294123,-3.0909319852941173,-1.8625588235294122,-0.014925373134328401,-1.2835820895522403,-1.3283582089552368,0,1,4,-1,0,0
2022-23,42200104,2023-04-24,MIA,MIL,119.0,114.0,1,1,-64.18666547765838,1.8160806451612905,-1.1956139112903224,-3.0115685483870966,-0.14925373134328357,-8.985074626865668,-5.089552238805965,0,1,4,1,0,0
2022-23,42200154,2023-04-24,LAL,MEM,117.0,111.0,1,1,19.294284855664728,-12.271597235023041,-0.23889585253456225,12.032482949308756,-0.059701492537313494,0.9552238805970035,4.25373134328359,0,1,4,1,0,0
2022-23,42200115,2023-04-25,BOS,ATL,117.0,119.0,0,1,138.4022775154417,-0.6616461675579326,5.653897504456327,6.315545454545454,0.19402985074626872,-1.8955223880597032,-8.074626865671647,0,1,5,2,1,0
2022-23,42200145,2023-04-25,DEN,MIN,112.0,109.0,1,1,63.804027037292826,2.799322916666667,4.787899305555555,1.9884618055555556,0.13432835820895528,0.04477611940298232,-3.9552238805970177,0,1,5,2,1,0
2022-23,42200175,2023-04-25,PHX,LAC,136.0,130.0,1,1,50.25972351260043,12.548940285204992,2.985288770053476,-9.563650623885918,0.0,-2.1791044776119435,-2.283582089552226,0,1,5,2,1,0
2022-23,42200105,2023-04-26,MIL,MIA,126.0,128.0,0,1,46.240975997530086,-1.8160806451612905,1.1956139112903224,3.0115685483870966,0.14925373134328357,8.985074626865668,5.089552238805965,0,1,5,-2,1,0
2022-23,42200135,2023-04-26,CLE,NYK,95.0,106.0,0,1,-23.806989275444494,1.3761453781512611,0.3655857142857144,-1.0106806722689075,0.04477611940298509,-4.955223880597018,-6.388059701492537,0,1,5,-2,1,0
2022-23,42200155,2023-04-26,MEM,LAL,116.0,99.0,1,1,-32.68487116950996,12.271597235023041,0.23889585253456225,-12.032482949308756,0.059701492537313494,-0.9552238805970035,-4.25373134328359,0,1,5,-2,1,0
2022-23,42200165,2023-04-26,SAC,GSW,116.0,123.0,0,1,-9.75436366276449,1.2284338235294123,3.0909319852941173,1.8625588235294122,0.014925373134328401,1.2835820895522403,1.3283582089552368,0,1,5,0,0,0
2022-23,42200116,2023-04-27,ATL,BOS,120.0,128.0,0,1,-106.49187018109978,0.6616461675579326,-5.653897504456327,-6.315545454545454,-0.19402985074626872,1.8955223880597032,8.074626865671647,0,1,6,-1,1,0
2022-23,42200156,2023-04-28,LAL,MEM,125.0,85.0,1,1,16.512071785694616,-12.271597235023041,-0.23889585253456225,12.032482949308756,-0.059701492537313494,0.9552238805970035,4.25373134328359,0,1,6,1,1,0
2022-23,42200166,2023-04-28,GSW,SAC,99.0,118.0,0,1,34.835556585321456,-1.2284338235294123,-3.0909319852941173,-1.8625588235294122,-0.014925373134328401,-1.2835820895522403,-1.3283582089552368,0,1,6,1,1,0
2022-23,42200221,2023-04-29,DEN,PHX,125.0,107.0,1,1,11.415207026167536,-6.35455303030303,3.102737373737374,9.457176767676767,0.11940298507462688,2.641791044776113,-0.29850746268657247,0,1,1,0,0,0
2022-23,42200167,2023-04-30,SAC,GSW,100.0,120.0,0,1,-7.44134303261103,1.2284338235294123,3.0909319852941173,1.8625588235294122,0.014925373134328401,1.2835820895522403,1.3283582089552368,0,1,7,0,1,0
2022-23,42200201,2023-04-30,NYK,MIA,101.0,108.0,0,1,14.883412721122113,2.2353311195445915,3.5561451612903223,1.3210170777988615,0.02985074626865669,7.104477611940297,2.8358208955223887,0,1,1,0,0,0
2022-23,42200211,2023-05-01,BOS,PHI,115.0,119.0,0,1,-44.445431887982295,-1.3254577205882356,3.827851102941176,5.153281249999999,-0.01492537313432829,0.6865671641791096,-0.9552238805970177,-5,1,1,0,0,0
2022-23,42200222,2023-05-01,DEN,PHX,97.0,87.0,1,1,25.21279670946933,-6.35455303030303,3.102737373737374,9.457176767676767,0.11940298507462688,2.641791044776113,-0.29850746268657247,0,1,2,1,0,0
2022-23,42200202,2023-05-02,NYK,MIA,111.0,105.0,1,1,-11.498879826883694,2.2353311195445915,3.5561451612903223,1.3210170777988615,0.02985074626865669,7.104477611940297,2.8358208955223887,0,1,2,-1,0,0
2022-23,42200231,2023-05-02,GSW,LAL,112.0,117.0,0,1,-13.971256626809463,4.672666982922201,1.6572504743833019,-3.0152846299810254,0.0,0.7313432835820919,-0.2686567164179223,-2,1,1,0,0,0
2022-23,42200212,2023-05-03,BOS,PHI,121.0,87.0,1,1,-67.61643084406546,-1.3254577205882356,3.827851102941176,5.153281249999999,-0.01492537313432829,0.6865671641791096,-0.9552238805970177,0,1,2,-1,0,0
2022-23,42200232,2023-05-04,GSW,LAL,127.0,100.0,1,1,-38.824682746100734,4.672666982922201,1.6572504743833019,-3.0152846299810254,0.0,0.7313432835820919,-0.2686567164179223,0,1,2,-1,0,0
2022-23,42200213,2023-05-05,PHI,BOS,102.0,114.0,0,1,49.47519929082114,1.3254577205882356,-3.827851102941176,-5.153281249999999,0.01492537313432829,-0.6865671641791096,0.9552238805970177,0,1,3,0,0,0
2022-23,42200223,2023-05-05,PHX,DEN,121.0,114.0,1,1,-38.30162186135158,6.35455303030303,-3.102737373737374,-9.457176767676767,-0.11940298507462688,-2.641791044776113,0.29850746268657247,0,1,3,-2,0,0
2022-23,42200203,2023-05-06,MIA,NYK,105.0,86.0,1,1,-3.513986975359785,-2.2353311195445915,-3.5561451612903223,-1.3210170777988615,-0.02985074626865669,-7.104477611940297,-2.8358208955223887,0,1,3,0,0,0
2022-23,42200233,2023-05-06,LAL,GSW,127.0,97.0,1,1,22.310270083934938,-4.672666982922201,-1.6572504743833019,3.0152846299810254,0.0,-0.7313432835820919,0.2686567164179223,0,1,3,0,0,0
2022-23,42200214,2023-05-07,PHI,BOS,116.0,115.0,1,1,21.365025994946564,1.3254577205882356,-3.827851102941176,-5.153281249999999,0.01492537313432829,-0.6865671641791096,0.9552238805970177,0,1,4,-1,0,0
2022-23,42200224,2023-05-07,PHX,DEN,129.0,124.0,1,1,-21.81639678984493,6.35455303030303,-3.102737373737374,-9.457176767676767,-0.11940298507462688,-2.641791044776113,0.29850746268657247,0,1,4,-1,0,0
2022-23,42200204,2023-05-08,MIA,NYK,109.0,101.0,1,1,11.070344044873764,-2.2353311195445915,-3.5561451612903223,-1.3210170777988615,-0.02985074626865669,-7.104477611940297,-2.8358208955223887,0,1,4,1,0,0
2022-23,42200234,2023-05-08,LAL,GSW,104.0,101.0,1,1,35.54664912636645,-4.672666982922201,-1.6572504743833019,3.0152846299810254,0.0,-0.7313432835820919,0.2686567164179223,0,1,4,1,0,0
2022-23,42200215,2023-05-09,BOS,PHI,103.0,115.0,0,1,-34.649638943418495,-1.3254577205882356,3.827851102941176,5.153281249999999,-0.01492537313432829,0.6865671641791096,-0.9552238805970177,0,1,5,0,0,0
2022-23,42200225,2023-05-09,DEN,PHX,118.0,102.0,1,1,6.242546258363291,-6.35455303030303,3.102737373737374,9.457176767676767,0.11940298507462688,2.641791044776113,-0.29850746268657247,0,1,5,0,0,0
2022-23,42200205,2023-05-10,NYK,MIA,112.0,103.0,1,1,-24.885881904086546,2.2353311195445915,3.5561451612903223,1.3210170777988615,0.02985074626865669,7.104477611940297,2.8358208955223887,0,1,5,-2,1,0
2022-23,42200235,2023-05-10,GSW,LAL,121.0,106.0,1,1,-48.117123639426154,4.672666982922201,1.6572504743833019,-3.0152846299810254,0.0,0.7313432835820919,-0.2686567164179223,0,1,5,-2,1,0
2022-23,42200216,2023-05-11,PHI,BOS,86.0,95.0,0,1,58.36776317224371,1.3254577205882356,-3.827851102941176,-5.153281249999999,0.01492537313432829,-0.6865671641791096,0.9552238805970177,0,1,6,1,1,0
2022-23,42200226,2023-05-11,PHX,DEN,100.0,125.0,0,1,-20.310489298231005,6.35455303030303,-3.102737373737374,-9.457176767676767,-0.11940298507462688,-2.641791044776113,0.29850746268657247,0,1,6,-1,1,0
2022-23,42200206,2023-05-12,MIA,NYK,96.0,92.0,1,1,9.143666732899419,-2.2353311195445915,-3.5561451612903223,-1.3210170777988615,-0.02985074626865669,-7.104477611940297,-2.8358208955223887,0,1,6,1,1,0
2022-23,42200236,2023-05-12,LAL,GSW,122.0,101.0,1,1,31.08173807817775,-4.672666982922201,-1.6572504743833019,3.0152846299810254,0.0,-0.7313432835820919,0.2686567164179223,0,1,6,1,1,0
2022-23,42200217,2023-05-14,BOS,PHI,112.0,88.0,1,1,-29.834352886135775,-1.3254577205882356,3.827851102941176,5.153281249999999,-0.01492537313432829,0.6865671641791096,-0.9552238805970177,0,1,7,0,1,0
2022-23,42200311,2023-05-16,DEN,LAL,132.0,126.0,1,1,8.277838008024446,7.86264247311828,4.804394265232975,-3.0581702508960578,0.08955223880597019,-2.5522388059701484,-5.238805970149258,1,1,1,0,0,0
2022-23,42200301,2023-05-17,BOS,MIA,116.0,123.0,0,1,30.88305324526118,-0.981257115749526,7.993027514231498,8.974193548387095,0.11940298507462688,8.089552238805965,1.2835820895522403,-2,1,1,0,0,0
2022-23,42200312,2023-05-18,DEN,LAL,108.0,103.0,1,1,22.239113809787796,7.86264247311828,4.804394265232975,-3.0581702508960578,0.08955223880597019,-2.5522388059701484,-5.238805970149258,0,1,2,1,0,0
2022-23,42200302,2023-05-19,BOS,MIA,105.0,111.0,0,1,3.6860857702222347,-0.981257115749526,7.993027514231498,8.974193548387095,0.11940298507462688,8.089552238805965,1.2835820895522403,0,1,2,-1,0,0
2022-23,42200313,2023-05-20,LAL,DEN,108.0,119.0,0,1,-35.47912073332827,-7.86264247311828,-4.804394265232975,3.0581702508960578,-0.08955223880597019,2.5522388059701484,5.238805970149258,0,1,3,-2,0,0
2022-23,42200303,2023-05-21,MIA,BOS,128.0,102.0,1,1,22.111464663685638,0.981257115749526,-7.993027514231498,-8.974193548387095,-0.11940298507462688,-8.089552238805965,-1.2835820895522403,0,1,3,2,0,0
2022-23,42200314,2023-05-22,LAL,DEN,111.0,113.0,0,1,-59.151126022567496,-7.86264247311828,-4.804394265232975,3.0581702508960578,-0.08955223880597019,2.5522388059701484,5.238805970149258,0,1,4,-3,1,0
2022-23,42200304,2023-05-23,MIA,BOS,99.0,116.0,0,1,35.357980998990115,0.981257115749526,-7.993027514231498,-8.974193548387095,-0.11940298507462688,-8.089552238805965,-1.2835820895522403,0,1,4,3,1,0
2022-23,42200305,2023-05-25,BOS,MIA,110.0,97.0,1,1,-7.937819304625009,-0.981257115749526,7.993027514231498,8.974193548387095,0.11940298507462688,8.089552238805965,1.2835820895522403,0,1,5,-2,1,0
2022-23,42200306,2023-05-27,MIA,BOS,103.0,104.0,0,1,-6.88329925000744,0.981257115749526,-7.993027514231498,-8.974193548387095,-0.11940298507462688,-8.089552238805965,-1.2835820895522403,0,1,6,1,1,0
2022-23,42200307,2023-05-29,BOS,MIA,84.0,103.0,0,1,32.11876883781906,-0.981257115749526,7.993027514231498,8.974193548387095,0.11940298507462688,8.089552238805965,1.2835820895522403,0,1,7,0,1,0
2022-23,42200401,2023-06-01,DEN,MIA,104.0,93.0,1,1,26.63456633508804,-0.1711639784946235,6.222200716845878,6.393249103942653,0.10447761194029848,6.686567164179095,2.1791044776119435,7,1,1,0,0,0
2022-23,42200402,2023-06-04,DEN,MIA,108.0,111.0,0,1,39.65142303786888,-0.1711639784946235,6.222200716845878,6.393249103942653,0.10447761194029848,6.686567164179095,2.1791044776119435,0,1,2,1,0,0
2022-23,42200403,2023-06-07,MIA,DEN,94.0,109.0,0,1,-12.019113901757464,0.1711639784946235,-6.222200716845878,-6.393249103942653,-0.10447761194029848,-6.686567164179095,-2.1791044776119435,0,1,3,0,0,0
2022-23,42200404,2023-06-09,MIA,DEN,95.0,108.0,0,1,-36.978151621570305,0.1711639784946235,-6.222200716845878,-6.393249103942653,-0.10447761194029848,-6.686567164179095,-2.1791044776119435,0,1,4,-1,0,0
2022-23,42200405,2023-06-12,DEN,MIA,94.0,89.0,1,1,60.566708964017835,-0.1711639784946235,6.222200716845878,6.393249103942653,0.10447761194029848,6.686567164179095,2.1791044776119435,0,1,5,2,1,0
2023-24,42300111,2024-04-20,NYK,PHI,111.0,104.0,1,1,43.029781958367494,-0.8798866071428577,-2.9435607142857143,-2.063796428571427,0.05970149253731338,-0.08955223880597885,-2.5373134328358304,0,1,1,0,0,0
2023-24,42300131,2024-04-20,CLE,ORL,97.0,83.0,1,1,4.670755043975078,-3.992954545454546,2.398597147950089,6.391463458110517,0.05156037991858886,3.0904568068747125,1.126413387607414,0,1,1,0,0,0
2023-24,42300151,2024-04-20,DEN,LAL,114.0,103.0,1,1,51.02884817415338,12.79955347593583,4.587071301247772,-8.212603386809269,0.13636363636363635,-3.8333333333333286,-8.893939393939405,0,1,1,0,0,0
2023-24,42300161,2024-04-20,MIN,PHX,120.0,95.0,1,1,1.69349922936226,3.2226060606060605,-1.0883939393939395,-4.310969696969696,0.08073270013568523,-3.0450022614201657,-6.748756218905484,0,1,1,0,0,0
2023-24,42300101,2024-04-21,BOS,MIA,114.0,94.0,1,1,139.0601127950465,5.987973015873017,6.986830952380952,0.9987436507936508,0.22227324913892077,11.067738231917346,1.1481056257175766,0,1,1,0,0,0
2023-24,42300121,2024-04-21,MIL,IND,109.0,94.0,1,1,-39.30632054994385,-6.752748576850095,-0.008981973434535107,6.743666982922201,0.008593396653098218,-3.6051560379918612,-3.2261420171868025,0,1,1,0,0,0
2023-24,42300141,2024-04-21,OKC,NOP,94.0,92.0,1,1,50.82984372212309,1.8049151515151522,2.741636363636364,0.9368818181818184,0.08050655811849838,4.844640434192669,3.223880597014926,0,1,1,0,0,0
2023-24,42300171,2024-04-21,LAC,DAL,109.0,97.0,1,1,-35.32885784298264,2.442764705882353,-0.09397058823529347,-2.5367058823529414,0.05671641791044779,-1.0422502870264054,-1.7164179104477597,0,1,1,0,0,0
2023-24,42300112,2024-04-22,NYK,PHI,104.0,101.0,1,1,55.2319396273374,-0.8798866071428577,-2.9435607142857143,-2.063796428571427,0.05970149253731338,-0.08955223880597885,-2.5373134328358304,0,1,2,1,0,0
2023-24,42300132,2024-04-22,CLE,ORL,96.0,86.0,1,1,18.821328188494135,-3.992954545454546,2.398597147950089,6.391463458110517,0.05156037991858886,3.0904568068747125,1.126413387607414,0,1,2,1,0,0
2023-24,42300152,2024-04-22,DEN,LAL,101.0,99.0,1,1,62.844081902675725,12.79955347593583,4.587071301247772,-8.212603386809269,0.13636363636363635,-3.8333333333333286,-8.893939393939405,0,1,2,1,0,0
2023-24,42300122,2024-04-23,MIL,IND,108.0,125.0,0,1,-22.765018216657154,-6.752748576850095,-0.008981973434535107,6.743666982922201,0.008593396653098218,-3.6051560379918612,-3.2261420171868025,0,1,2,1,0,0
2023-24,42300162,2024-04-23,MIN,PHX,105.0,93.0,1,1,16.001186765763123,3.2226060606060605,-1.0883939393939395,-4.310969696969696,0.08073270013568523,-3.0450022614201657,-6.748756218905484,0,1,2,1,0,0
2023-24,42300172,2024-04-23,LAC,DAL,93.0,96.0,0,1,-19.009220717823837,2.442764705882353,-0.09397058823529347,-2.5367058823529414,0.05671641791044779,-1.0422502870264054,-1.7164179104477597,0,1,2,1,0,0
2023-24,42300102,2024-04-24,BOS,MIA,101.0,111.0,0,1,147.1252946651341,5.987973015873017,6.986830952380952,0.9987436507936508,0.22227324913892077,11.067738231917346,1.1481056257175766,0,1,2,1,0,0
2023-24,42300142,2024-04-24,OKC,NOP,124.0,92.0,1,1,62.65461676186919,1.8049151515151522,2.741636363636364,0.9368818181818184,0.08050655811849838,4.844640434192669,3.223880597014926,0,1,2,1,0,0
2023-24,42300113,2024-04-25,PHI,NYK,125.0,114.0,1,1,-66.84674671774792,0.8798866071428577,2.9435607142857143,2.063796428571427,-0.05970149253731338,0.08955223880597885,2.5373134328358304,0,1,3,-2,0,0
2023-24,42300133,2024-04-25,ORL,CLE,121.0,83.0,1,1,-32.236177647982004,3.992954545454546,-2.398597147950089,-6.391463458110517,-0.05156037991858886,-3.0904568068747125,-1.126413387607414,0,1,3,-2,0,0
2023-24,42300153,2024-04-25,LAL,DEN,105.0,112.0,0,1,-74.10106744995142,-12.79955347593583,-4.587071301247772,8.212603386809269,-0.13636363636363635,3.8333333333333286,8.893939393939405,0,1,3,-2,0,0
2023-24,42300123,2024-04-26,IND,MIL,121.0,118.0,1,1,47.13920386522204,6.752748576850095,0.008981973434535107,-6.743666982922201,-0.008593396653098218,3.6051560379918612,3.2261420171868025,0,1,3,0,0,0
2023-24,42300163,2024-04-26,PHX,MIN,109.0,126.0,0,1,-29.56116188341548,-3.2226060606060605,1.0883939393939395,4.310969696969696,-0.08073270013568523,3.0450022614201657,6.748756218905484,0,1,3,-2,0,0
2023-24,42300173,2024-04-26,DAL,LAC,101.0,90.0,1,1,43.588772203597046,-2.442764705882353,0.09397058823529347,2.5367058823529414,-0.05671641791044779,1.0422502870264054,1.7164179104477597,0,1,3,0,0,0
2023-24,42300103,2024-04-27,MIA,BOS,84.0,104.0,0,1,-114.89567020281834,-5.987973015873017,-6.986830952380952,-0.9987436507936508,-0.22227324913892077,-11.067738231917346,-1.1481056257175766,0,1,3,0,0,0
2023-24,42300134,2024-04-27,ORL,CLE,112.0,89.0,1,1,-16.088255159001164,3.992954545454546,-2.398597147950089,-6.391463458110517,-0.05156037991858886,-3.0904568068747125,-1.126413387607414,0,1,4,-1,0,0
2023-24,42300143,2024-04-27,NOP,OKC,85.0,106.0,0,1,-73.92042666361272,-1.8049151515151522,-2.741636363636364,-0.9368818181818184,-0.08050655811849838,-4.844640434192669,-3.223880597014926,0,1,3,-2,0,0
2023-24,42300154,2024-04-27,LAL,DEN,119.0,108.0,1,1,-95.58917456077074,-12.79955347593583,-4.587071301247772,8.212603386809269,-0.13636363636363635,3.8333333333333286,8.893939393939405,0,1,4,-3,1,0
2023-24,42300114,2024-04-28,PHI,NYK,92.0,97.0,0,1,-48.749429930663155,0.8798866071428577,2.9435607142857143,2.063796428571427,-0.05970149253731338,0.08955223880597885,2.5373134328358304,0,1,4,-1,0,0
2023-24,42300124,2024-04-28,IND,MIL,126.0,113.0,1,1,59.14169475445806,6.752748576850095,0.008981973434535107,-6.743666982922201,-0.008593396653098218,3.6051560379918612,3.2261420171868025,0,1,4,1,0,0
2023-24,42300164,2024-04-28,PHX,MIN,116.0,122.0,0,1,-53.56129089216529,-3.2226060606060605,1.0883939393939395,4.310969696969696,-0.08073270013568523,3.0450022614201657,6.748756218905484,0,1,4,-3,1,0
2023-24,42300174,2024-04-28,DAL,LAC,111.0,116.0,0,1,55.7636605133132,-2.442764705882353,0.09397058823529347,2.5367058823529414,-0.05671641791044779,1.0422502870264054,1.7164179104477597,0,1,4,1,0,0
2023-24,42300104,2024-04-29,MIA,BOS,88.0,102.0,0,1,-134.0387314837228,-5.987973015873017,-6.986830952380952,-0.9987436507936508,-0.22227324913892077,-11.067738231917346,-1.1481056257175766,0,1,4,-1,0,0
2023-24,42300144,2024-04-29,NOP,OKC,89.0,97.0,0,1,-95.41887432518229,-1.8049151515151522,-2.741636363636364,-0.9368818181818184,-0.08050655811849838,-4.844640434192669,-3.223880597014926,0,1,4,-3,1,0
2023-24,42300155,2024-04-29,DEN,LAL,108.0,106.0,1,1,75.84306844327807,12.79955347593583,4.587071301247772,-8.212603386809269,0.13636363636363635,-3.8333333333333286,-8.893939393939405,0,1,5,2,1,0
2023-24,42300115,2024-04-30,NYK,PHI,106.0,112.0,0,1,71.67843608666271,-0.8798866071428577,-2.9435607142857143,-2.063796428571427,0.05970149253731338,-0.08955223880597885,-2.5373134328358304,0,1,5,2,1,0
2023-24,42300125,2024-04-30,MIL,IND,115.0,92.0,1,1,-70.57187847032355,-6.752748576850095,-0.008981973434535107,6.743666982922201,0.008593396653098218,-3.6051560379918612,-3.2261420171868025,0,1,5,-2,1,0
2023-24,42300135,2024-04-30,CLE,ORL,104.0,103.0,1,1,0.8268251433532896,-3.992954545454546,2.398597147950089,6.391463458110517,0.05156037991858886,3.0904568068747125,1.126413387607414,0,1,5,0,0,0
2023-24,42300105,2024-05-01,BOS,MIA,118.0,84.0,1,1,152.08554972588377,5.987973015873017,6.986830952380952,0.9987436507936508,0.22227324913892077,11.067738231917346,1.1481056257175766,0,1,5,2,1,0
2023-24,42300175,2024-05-01,LAC,DAL,93.0,123.0,0,1,-27.353255773959745,2.442764705882353,-0.09397058823529347,-2.5367058823529414,0.05671641791044779,-1.0422502870264054,-1.7164179104477597,0,1,5,0,0,0
2023-24,42300116,2024-05-02,PHI,NYK,115.0,118.0,0,1,-42.528667868275534,0.8798866071428577,2.9435607142857143,2.063796428571427,-0.05970149253731338,0.08955223880597885,2.5373134328358304,0,1,6,-1,1,0
2023-24,42300126,2024-05-02,IND,MIL,120.0,98.0,1,1,52.261857806132866,6.752748576850095,0.008981973434535107,-6.743666982922201,-0.008593396653098218,3.6051560379918612,3.2261420171868025,0,1,6,1,1,0
2023-24,42300136,2024-05-03,ORL,CLE,103.0,96.0,1,1,-15.180393556014678,3.992954545454546,-2.398597147950089,-6.391463458110517,-0.05156037991858886,-3.0904568068747125,-1.126413387607414,0,1,6,-1,1,0
2023-24,42300176,2024-05-03,DAL,LAC,114.0,101.0,1,1,51.47524133370439,-2.442764705882353,0.09397058823529347,2.5367058823529414,-0.05671641791044779,1.0422502870264054,1.7164179104477597,0,1,6,1,1,0
2023-24,42300231,2024-05-04,DEN,MIN,99.0,106.0,0,1,10.959635898096394,0.4952504456327991,1.941737967914439,1.4465784313725487,0.040479421076435984,2.605608322026228,3.430574400723657,-1,1,1,0,0,0
2023-24,42300137,2024-05-05,CLE,ORL,106.0,94.0,1,1,-0.03174003770936906,-3.992954545454546,2.398597147950089,6.391463458110517,0.05156037991858886,3.0904568068747125,1.126413387607414,0,1,7,0,1,0
2023-24,42300211,2024-05-06,NYK,IND,121.0,117.0,1,1,15.48404600920685,4.142973271889401,-3.8018147465437795,-7.944945622119815,0.04477611940298509,-8.522388059701498,-10.208955223880608,0,1,1,0,0,0
2023-24,42300232,2024-05-06,DEN,MIN,80.0,106.0,0,1,-15.21906216904631,0.4952504456327991,1.941737967914439,1.4465784313725487,0.040479421076435984,2.605608322026228,3.430574400723657,0,1,2,-1,0,0
2023-24,42300201,2024-05-07,BOS,CLE,120.0,95.0,1,1,150.79625609351388,3.4415285714285715,5.781620168067227,2.340065546218488,0.17910447761194037,8.268656716417922,0.029850746268664352,4,1,1,0,0,0
2023-24,42300221,2024-05-07,OKC,DAL,117.0,95.0,1,1,45.920351369507216,4.46680926916221,1.7523128342245995,-2.7143770053475937,0.08656716417910448,2.8383467278989656,-1.7761194029850742,4,1,1,0,0,0
2023-24,42300212,2024-05-08,NYK,IND,130.0,121.0,1,1,29.07071632222869,4.142973271889401,-3.8018147465437795,-7.944945622119815,0.04477611940298509,-8.522388059701498,-10.208955223880608,0,1,2,1,0,0
2023-24,42300202,2024-05-09,BOS,CLE,94.0,118.0,0,1,158.43518185701623,3.4415285714285715,5.781620168067227,2.340065546218488,0.17910447761194037,8.268656716417922,0.029850746268664352,0,1,2,1,0,0
2023-24,42300222,2024-05-09,OKC,DAL,110.0,119.0,0,1,57.98186855274821,4.46680926916221,1.7523128342245995,-2.7143770053475937,0.08656716417910448,2.8383467278989656,-1.7761194029850742,0,1,2,1,0,0
2023-24,42300213,2024-05-10,IND,NYK,111.0,106.0,1,1,-41.96473598486182,-4.142973271889401,3.8018147465437795,7.944945622119815,-0.04477611940298509,8.522388059701498,10.208955223880608,0,1,3,-2,0,0
2023-24,42300233,2024-05-10,MIN,DEN,90.0,117.0,0,1,40.00483014212455,-0.4952504456327991,-1.941737967914439,-1.4465784313725487,-0.040479421076435984,-2.605608322026228,-3.430574400723657,0,1,3,2,0,0
2023-24,42300203,2024-05-11,CLE,BOS,93.0,106.0,0,1,-125.80603507686601,-3.4415285714285715,-5.781620168067227,-2.340065546218488,-0.17910447761194037,-8.268656716417922,-0.029850746268664352,0,1,3,0,0,0
2023-24,42300223,2024-05-11,DAL,OKC,105.0,101.0,1,1,-29.466636767549744,-4.46680926916221,-1.7523128342245995,2.7143770053475937,-0.08656716417910448,-2.8383467278989656,1.7761194029850742,0,1,3,0,0,0
2023-24,42300214,2024-05-12,IND,NYK,121.0,89.0,1,1,-25.274785773698113,-4.142973271889401,3.8018147465437795,7.944945622119815,-0.04477611940298509,8.522388059701498,10.208955223880608,0,1,4,-1,0,0
2023-24,42300234,2024-05-12,MIN,DEN,107.0,115.0,0,1,12.35514667534403,-0.4952504456327991,-1.941737967914439,-1.4465784313725487,-0.040479421076435984,-2.605608322026228,-3.430574400723657,0,1,4,1,0,0
2023-24,42300204,2024-05-13,CLE,BOS,102.0,109.0,0,1,-144.32324607494502,-3.4415285714285715,-5.781620168067227,-2.340065546218488,-0.17910447761194037,-8.268656716417922,-0.029850746268664352,0,1,4,-1,0,0
2023-24,42300224,2024-05-13,DAL,OKC,96.0,100.0,0,1,-13.471989128848463,-4.46680926916221,-1.7523128342245995,2.7143770053475937,-0.08656716417910448,-2.8383467278989656,1.7761194029850742,0,1,4,1,0,0
2023-24,42300215,2024-05-14,NYK,IND,121.0,91.0,1,1,9.511193035480574,4.142973271889401,-3.8018147465437795,-7.944945622119815,0.04477611940298509,-8.522388059701498,-10.208955223880608,0,1,5,0,0,0
2023-24,42300235,2024-05-14,DEN,MIN,112.0,97.0,1,1,13.896126049887016,0.4952504456327991,1.941737967914439,1.4465784313725487,0.040479421076435984,2.605608322026228,3.430574400723657,0,1,5,0,0,0
2023-24,42300205,2024-05-15,BOS,CLE,113.0,98.0,1,1,161.78554683227185,3.4415285714285715,5.781620168067227,2.340065546218488,0.17910447761194037,8.268656716417922,0.029850746268664352,0,1,5,2,1,0
2023-24,42300225,2024-05-15,OKC,DAL,92.0,104.0,0,1,38.35245345923818,4.46680926916221,1.7523128342245995,-2.7143770053475937,0.08656716417910448,2.8383467278989656,-1.7761194029850742,0,1,5,0,0,0
2023-24,42300236,2024-05-16,MIN,DEN,115.0,70.0,1,1,-27.564924965309046,-0.4952504456327991,-1.941737967914439,-1.4465784313725487,-0.040479421076435984,-2.605608322026228,-3.430574400723657,0,1,6,-1,1,0
2023-24,42300216,2024-05-17,IND,NYK,116.0,103.0,1,1,-23.408013103531175,-4.142973271889401,3.8018147465437795,7.944945622119815,-0.04477611940298509,8.522388059701498,10.208955223880608,0,1,6,-1,1,0
2023-24,42300226,2024-05-18,DAL,OKC,117.0,116.0,1,1,-10.784120537178524,-4.46680926916221,-1.7523128342245995,2.7143770053475937,-0.08656716417910448,-2.8383467278989656,1.7761194029850742,0,1,6,1,1,0
2023-24,42300217,2024-05-19,NYK,IND,109.0,130.0,0,1,7.746941267401326,4.142973271889401,-3.8018147465437795,-7.944945622119815,0.04477611940298509,-8.522388059701498,-10.208955223880608,0,1,7,0,1,0
2023-24,42300237,2024-05-19,DEN,MIN,90.0,98.0,0,1,11.675241969903936,0.4952504456327991,1.941737967914439,1.4465784313725487,0.040479421076435984,2.605608322026228,3.430574400723657,0,1,7,0,1,0
2023-24,42300301,2024-05-21,BOS,IND,133.0,128.0,1,1,96.57951975609194,0.26054470046082967,0.9237852534562201,0.662997235023042,0.20895522388059706,-0.761194029850742,-9.388059701492537,4,1,1,0,0,0
2023-24,42300311,2024-05-22,MIN,DAL,105.0,108.0,0,1,11.29579844185082,2.5207789661319073,-2.381414438502673,-4.902225490196079,0.07164179104477619,-4.4452353616532605,-8.582089552238813,-1,1,1,0,0,0
2023-24,42300302,2024-05-23,BOS,IND,126.0,110.0,1,1,106.3341378911964,0.26054470046082967,0.9237852534562201,0.662997235023042,0.20895522388059706,-0.761194029850742,-9.388059701492537,0,1,2,1,0,0
2023-24,42300312,2024-05-24,MIN,DAL,108.0,109.0,0,1,-14.900398579495231,2.5207789661319073,-2.381414438502673,-4.902225490196079,0.07164179104477619,-4.4452353616532605,-8.582089552238813,0,1,2,-1,0,0
2023-24,42300303,2024-05-25,IND,BOS,111.0,114.0,0,1,-115.68056720737059,-0.26054470046082967,-0.9237852534562201,-0.662997235023042,-0.20895522388059706,0.761194029850742,9.388059701492537,0,1,3,-2,0,0
2023-24,42300313,2024-05-26,DAL,MIN,116.0,107.0,1,1,39.70345616022587,-2.5207789661319073,2.381414438502673,4.902225490196079,-0.07164179104477619,4.4452353616532605,8.582089552238813,0,1,3,2,0,0
2023-24,42300304,2024-05-27,IND,BOS,102.0,105.0,0,1,-134.7785335748299,-0.26054470046082967,-0.9237852534562201,-0.662997235023042,-0.20895522388059706,0.761194029850742,9.388059701492537,0,1,4,-3,1,0
2023-24,42300314,2024-05-28,DAL,MIN,100.0,105.0,0,1,52.068588104929404,-2.5207789661319073,2.381414438502673,4.902225490196079,-0.07164179104477619,4.4452353616532605,8.582089552238813,0,1,4,3,1,0
2023-24,42300315,2024-05-30,MIN,DAL,103.0,124.0,0,1,-23.834054503873176,2.5207789661319073,-2.381414438502673,-4.902225490196079,0.07164179104477619,-4.4452353616532605,-8.582089552238813,0,1,5,-2,1,0
2023-24,42300401,2024-06-06,BOS,DAL,107.0,89.0,1,1,46.805637608501,3.2353226890756304,2.6665907563025213,-0.5687873949579831,0.17611940298507467,3.883122847301962,-5.31343283582089,3,1,1,0,0,0
2023-24,42300402,2024-06-09,BOS,DAL,105.0,98.0,1,1,58.824265959518016,3.2353226890756304,2.6665907563025213,-0.5687873949579831,0.17611940298507467,3.883122847301962,-5.31343283582089,0,1,2,1,0,0
2023-24,42300403,2024-06-12,DAL,BOS,99.0,106.0,0,1,-70.26937324158598,-3.2353226890756304,-2.6665907563025213,0.5687873949579831,-0.17611940298507467,-3.883122847301962,5.31343283582089,0,1,3,-2,0,0
2023-24,42300404,2024-06-14,DAL,BOS,122.0,84.0,1,1,-91.97664056745634,-3.2353226890756304,-2.6665907563025213,0.5687873949579831,-0.17611940298507467,-3.883122847301962,5.31343283582089,0,1,4,-3,1,0
2023-24,42300405,2024-06-17,BOS,DAL,106.0,88.0,1,1,72.43842017843235,3.2353226890756304,2.6665907563025213,-0.5687873949579831,0.17611940298507467,3.883122847301962,-5.31343283582089,0,1,5,2,1,0
2024-25,42400121,2025-04-19,NYK,DET,123.0,112.0,1,1,37.066805018334435,3.833926024955437,7.043861853832441,3.2099955436720142,0.05763490241102187,-1.6068886337543091,-2.4659012629161907,0,1,1,0,0,0
2024-25,42400131,2025-04-19,IND,MIL,117.0,98.0,1,1,23.063754057246115,4.86639393939394,1.0736060606060611,-3.7926363636363636,0.04086538461538458,1.230048076923083,0.8836538461538481,0,1,1,0,0,0
2024-25,42400161,2025-04-19,LAL,MIN,95.0,117.0,0,1,-12.938755775717937,-5.540591911764706,1.3095533088235298,6.850172794117647,-0.005879692446856599,-1.8557213930348269,2.119855269108996,0,1,1,0,0,0
2024-25,42400171,2025-04-19,DEN,LAC,112.0,110.0,1,1,-48.97958213598508,0.9301818181818178,7.247506628787878,6.317292613636364,-0.014925373134328401,7.791044776119406,9.328358208955223,0,1,1,0,0,0
2024-25,42400101,2025-04-20,CLE,MIA,121.0,100.0,1,1,210.00199047016667,11.640535650623885,10.152353832442069,-1.4883021390374334,0.30303030303030304,10.969696969696969,2.3030303030302974,0,1,1,0,0,0
2024-25,42400111,2025-04-20,BOS,ORL,103.0,86.0,1,1,167.5902885371229,3.255558823529409,12.65335294117647,9.397647058823528,0.25757575757575757,10.303030303030312,0.1515151515151416,0,1,1,0,0,0
2024-25,42400141,2025-04-20,OKC,MEM,131.0,80.0,1,1,196.99140215253715,4.445520161290325,0.12847379032258033,-4.317139112903224,0.2552447552447552,-0.19417249417249138,-9.093939393939394,0,1,1,0,0,0
2024-25,42400151,2025-04-20,HOU,GSW,85.0,95.0,0,1,9.77085488973512,6.495072321428571,0.1822080357142859,-6.312986607142857,0.09345579793340986,1.8952927669345598,-0.15981630309987338,0,1,1,0,0,0
2024-25,42400122,2025-04-21,NYK,DET,94.0,100.0,0,1,49.561970731202564,3.833926024955437,7.043861853832441,3.2099955436720142,0.05763490241102187,-1.6068886337543091,-2.4659012629161907,0,1,2,1,0,0
2024-25,42400172,2025-04-21,DEN,LAC,102.0,105.0,0,1,-31.895622562563176,0.9301818181818178,7.247506628787878,6.317292613636364,-0.014925373134328401,7.791044776119406,9.328358208955223,0,1,2,1,0,0
2024-25,42400132,2025-04-22,IND,MIL,123.0,115.0,1,1,36.2617478199345,4.86639393939394,1.0736060606060611,-3.7926363636363636,0.04086538461538458,1.230048076923083,0.8836538461538481,0,1,2,1,0,0
2024-25,42400142,2025-04-22,OKC,MEM,118.0,99.0,1,1,203.11992287267526,4.445520161290325,0.12847379032258033,-4.317139112903224,0.2552447552447552,-0.19417249417249138,-9.093939393939394,0,1,2,1,0,0
2024-25,42400162,2025-04-22,LAL,MIN,94.0,85.0,1,1,-37.848076827418254,-5.540591911764706,1.3095533088235298,6.850172794117647,-0.005879692446856599,-1.8557213930348269,2.119855269108996,0,1,2,-1,0,0
2024-25,42400102,2025-04-23,CLE,MIA,121.0,112.0,1,1,215.75185165406538,11.640535650623885,10.152353832442069,-1.4883021390374334,0.30303030303030304,10.969696969696969,2.3030303030302974,0,1,2,1,0,0
2024-25,42400112,2025-04-23,BOS,ORL,109.0,100.0,1,1,174.64952781748934,3.255558823529409,12.65335294117647,9.397647058823528,0.25757575757575757,10.303030303030312,0.1515151515151416,0,1,2,1,0,0
2024-25,42400152,2025-04-23,HOU,GSW,109.0,94.0,1,1,-16.345877360547775,6.495072321428571,0.1822080357142859,-6.312986607142857,0.09345579793340986,1.8952927669345598,-0.15981630309987338,0,1,2,-1,0,0
2024-25,42400123,2025-04-24,DET,NYK,116.0,118.0,0,1,-21.44762425097406,-3.833926024955437,-7.043861853832441,-3.2099955436720142,-0.05763490241102187,1.6068886337543091,2.4659012629161907,0,1,3,0,0,0
2024-25,42400143,2025-04-24,MEM,OKC,108.0,114.0,0,1,-209.06759476290858,-4.445520161290325,-0.12847379032258033,4.317139112903224,-0.2552447552447552,0.19417249417249138,9.093939393939394,0,1,3,-2,0,0
2024-25,42400173,2025-04-24,LAC,DEN,117.0,83.0,1,1,55.76657319884612,-0.9301818181818178,-7.247506628787878,-6.317292613636364,0.014925373134328401,-7.791044776119406,-9.328358208955223,0,1,3,0,0,0
2024-25,42400113,2025-04-25,ORL,BOS,95.0,93.0,1,1,-181.47562866977887,-3.255558823529409,-12.65335294117647,-9.397647058823528,-0.25757575757575757,-10.303030303030312,-0.1515151515151416,0,1,3,-2,0,0
2024-25,42400133,2025-04-25,MIL,IND,117.0,101.0,1,1,-48.796765567216426,-4.86639393939394,-1.0736060606060611,3.7926363636363636,-0.04086538461538458,-1.230048076923083,-0.8836538461538481,0,1,3,-2,0,0
2024-25,42400163,2025-04-25,MIN,LAL,116.0,104.0,1,1,21.38814776229742,5.540591911764706,-1.3095533088235298,-6.850172794117647,0.005879692446856599,1.8557213930348269,-2.119855269108996,0,1,3,0,0,0
2024-25,42400103,2025-04-26,MIA,CLE,87.0,124.0,0,1,-221.34066959226766,-11.640535650623885,-10.152353832442069,1.4883021390374334,-0.30303030303030304,-10.969696969696969,-2.3030303030302974,0,1,3,-2,0,0
2024-25,42400144,2025-04-26,MEM,OKC,115.0,117.0,0,1,-222.9875814902009,-4.445520161290325,-0.12847379032258033,4.317139112903224,-0.2552447552447552,0.19417249417249138,9.093939393939394,0,1,4,-3,1,0
2024-25,42400153,2025-04-26,GSW,HOU,104.0,93.0,1,1,1.070447441501301,-6.495072321428571,-0.1822080357142859,6.312986607142857,-0.09345579793340986,-1.8952927669345598,0.15981630309987338,0,1,3,0,0,0
2024-25,42400174,2025-04-26,LAC,DEN,99.0,101.0,0,1,67.35603044221239,-0.9301818181818178,-7.247506628787878,-6.317292613636364,0.014925373134328401,-7.791044776119406,-9.328358208955223,0,1,4,1,0,0
2024-25,42400114,2025-04-27,ORL,BOS,98.0,107.0,0,1,-156.86963882578084,-3.255558823529409,-12.65335294117647,-9.397647058823528,-0.25757575757575757,-10.303030303030312,-0.1515151515151416,0,1,4,-1,0,0
2024-25,42400124,2025-04-27,DET,NYK,93.0,94.0,0,1,-45.89395752839482,-3.833926024955437,-7.043861853832441,-3.2099955436720142,-0.05763490241102187,1.6068886337543091,2.4659012629161907,0,1,4,-1,0,0
2024-25,42400134,2025-04-27,MIL,IND,103.0,129.0,0,1,-31.723105253674476,-4.86639393939394,-1.0736060606060611,3.7926363636363636,-0.04086538461538458,-1.230048076923083,-0.8836538461538481,0,1,4,-1,0,0
2024-25,42400164,2025-04-27,MIN,LAL,116.0,113.0,1,1,34.671579799126675,5.540591911764706,-1.3095533088235298,-6.850172794117647,0.005879692446856599,1.8557213930348269,-2.119855269108996,0,1,4,1,0,0
2024-25,42400104,2025-04-28,MIA,CLE,83.0,138.0,0,1,-234.6265265667189,-11.640535650623885,-10.152353832442069,1.4883021390374334,-0.30303030303030304,-10.969696969696969,-2.3030303030302974,0,1,4,-3,1,0
2024-25,42400154,2025-04-28,GSW,HOU,109.0,106.0,1,1,15.411112175649805,-6.495072321428571,-0.1822080357142859,6.312986607142857,-0.09345579793340986,-1.8952927669345598,0.15981630309987338,0,1,4,1,0,0
2024-25,42400115,2025-04-29,BOS,ORL,120.0,89.0,1,1,173.62488592008958,3.255558823529409,12.65335294117647,9.397647058823528,0.25757575757575757,10.303030303030312,0.1515151515151416,0,1,5,2,1,0
2024-25,42400125,2025-04-29,NYK,DET,103.0,106.0,0,1,68.98361545874923,3.833926024955437,7.043861853832441,3.2099955436720142,0.05763490241102187,-1.6068886337543091,-2.4659012629161907,0,1,5,2,1,0
2024-25,42400135,2025-04-29,IND,MIL,119.0,118.0,1,1,55.60361384746011,4.86639393939394,1.0736060606060611,-3.7926363636363636,0.04086538461538458,1.230048076923083,0.8836538461538481,0,1,5,2,1,0
2024-25,42400175,2025-04-29,DEN,LAC,131.0,115.0,1,1,-38.40411934685039,0.9301818181818178,7.247506628787878,6.317292613636364,-0.014925373134328401,7.791044776119406,9.328358208955223,0,1,5,0,0,0
2024-25,42400155,2025-04-30,HOU,GSW,131.0,116.0,1,1,-29.001549441362158,6.495072321428571,0.1822080357142859,-6.312986607142857,0.09345579793340986,1.8952927669345598,-0.15981630309987338,0,1,5,-2,1,0
2024-25,42400165,2025-04-30,LAL,MIN,96.0,103.0,0,1,-47.28551671566652,-5.540591911764706,1.3095533088235298,6.850172794117647,-0.005879692446856599,-1.8557213930348269,2.119855269108996,0,1,5,-2,1,0
2024-25,42400126,2025-05-01,DET,NYK,113.0,116.0,0,1,-39.95694063614792,-3.833926024955437,-7.043861853832441,-3.2099955436720142,-0.05763490241102187,1.6068886337543091,2.4659012629161907,0,1,6,-1,1,0
2024-25,42400176,2025-05-01,LAC,DEN,111.0,105.0,1,1,21.913175972810905,-0.9301818181818178,-7.247506628787878,-6.317292613636364,0.014925373134328401,-7.791044776119406,-9.328358208955223,0,1,6,-1,1,0
2024-25,42400156,2025-05-02,GSW,HOU,107.0,115.0,0,1,13.032593707339174,-6.495072321428571,-0.1822080357142859,6.312986607142857,-0.09345579793340986,-1.8952927669345598,0.15981630309987338,0,1,6,1,1,0
2024-25,42400177,2025-05-03,DEN,LAC,120.0,101.0,1,1,-35.1698071553767,0.9301818181818178,7.247506628787878,6.317292613636364,-0.014925373134328401,7.791044776119406,9.328358208955223,0,1,7,0,1,0
2024-25,42400157,2025-05-04,HOU,GSW,89.0,103.0,0,1,13.253844676895596,6.495072321428571,0.1822080357142859,-6.312986607142857,0.09345579793340986,1.8952927669345598,-0.15981630309987338,0,1,7,0,1,0
2024-25,42400201,2025-05-04,CLE,IND,112.0,121.0,0,1,33.881847418167126,9.936272727272726,6.569757575757576,-3.3667878787878793,0.08617424242424243,3.6680871212121247,-1.9223484848484844,1,1,1,0,0,0
2024-25,42400211,2025-05-05,BOS,NYK,105.0,108.0,0,1,86.28964895965646,4.747970588235292,0.6950294117647058,-4.053029411764706,0.10040705563093621,-0.02691090004522323,-5.369063772048847,2,1,1,0,0,0
2024-25,42400221,2025-05-05,OKC,DEN,119.0,121.0,0,1,157.78442813877473,10.764463343108506,-2.1816265884652974,-12.946087976539587,0.23421354764638347,0.69207807118255,-8.543283582089558,7,1,1,0,0,0
2024-25,42400202,2025-05-06,CLE,IND,119.0,120.0,0,1,6.535077759047908,9.936272727272726,6.569757575757576,-3.3667878787878793,0.08617424242424243,3.6680871212121247,-1.9223484848484844,0,1,2,-1,0,0
2024-25,42400231,2025-05-06,MIN,GSW,88.0,99.0,0,1,44.586213095579296,-2.2832420168067227,1.1364672268907563,3.419621848739496,0.07462686567164178,1.9253731343283675,-1.895522388059689,4,1,1,0,0,0
2024-25,42400212,2025-05-07,BOS,NYK,90.0,91.0,0,1,56.48775883528742,4.747970588235292,0.6950294117647058,-4.053029411764706,0.10040705563093621,-0.02691090004522323,-5.369063772048847,0,1,2,-1,0,0
2024-25,42400222,2025-05-07,OKC,DEN,149.0,106.0,1,1,125.17783150131572,10.764463343108506,-2.1816265884652974,-12.946087976539587,0.23421354764638347,0.69207807118255,-8.543283582089558,0,1,2,-1,0,0
2024-25,42400232,2025-05-08,MIN,GSW,117.0,93.0,1,1,16.712528280743754,-2.2832420168067227,1.1364672268907563,3.419621848739496,0.07462686567164178,1.9253731343283675,-1.895522388059689,0,1,2,-1,0,0
2024-25,42400203,2025-05-09,IND,CLE,104.0,126.0,0,1,19.41233340722738,-9.936272727272726,-6.569757575757576,3.3667878787878793,-0.08617424242424243,-3.6680871212121247,1.9223484848484844,0,1,3,2,0,0
2024-25,42400223,2025-05-09,DEN,OKC,113.0,104.0,1,1,-133.76985379526923,-10.764463343108506,2.1816265884652974,12.946087976539587,-0.23421354764638347,-0.69207807118255,8.543283582089558,0,1,3,0,0,0
2024-25,42400213,2025-05-10,NYK,BOS,93.0,115.0,0,1,-28.043072750887404,-4.747970588235292,-0.6950294117647058,4.053029411764706,-0.10040705563093621,0.02691090004522323,5.369063772048847,0,1,3,2,0,0
2024-25,42400233,2025-05-10,GSW,MIN,97.0,102.0,0,1,-30.235825217716865,2.2832420168067227,-1.1364672268907563,-3.419621848739496,-0.07462686567164178,-1.9253731343283675,1.895522388059689,0,1,3,0,0,0
2024-25,42400204,2025-05-11,IND,CLE,129.0,109.0,1,1,-7.2031328861107795,-9.936272727272726,-6.569757575757576,3.3667878787878793,-0.08617424242424243,-3.6680871212121247,1.9223484848484844,0,1,4,1,0,0
2024-25,42400224,2025-05-11,DEN,OKC,87.0,92.0,0,1,-111.83200342020928,-10.764463343108506,2.1816265884652974,12.946087976539587,-0.23421354764638347,-0.69207807118255,8.543283582089558,0,1,4,1,0,0
2024-25,42400214,2025-05-12,NYK,BOS,121.0,113.0,1,1,-52.12702045645301,-4.747970588235292,-0.6950294117647058,4.053029411764706,-0.10040705563093621,0.02691090004522323,5.369063772048847,0,1,4,1,0,0
2024-25,42400234,2025-05-12,GSW,MIN,110.0,117.0,0,1,-54.198656614235915,2.2832420168067227,-1.1364672268907563,-3.419621848739496,-0.07462686567164178,-1.9253731343283675,1.895522388059689,0,1,4,-1,0,0
2024-25,42400205,2025-05-13,CLE,IND,105.0,114.0,0,1,-7.578551131490258,9.936272727272726,6.569757575757576,-3.3667878787878793,0.08617424242424243,3.6680871212121247,-1.9223484848484844,0,1,5,-2,1,0
2024-25,42400225,2025-05-13,OKC,DEN,112.0,105.0,1,1,131.15116173669685,10.764463343108506,-2.1816265884652974,-12.946087976539587,0.23421354764638347,0.69207807118255,-8.543283582089558,0,1,5,0,0,0
2024-25,42400215,2025-05-14,BOS,NYK,127.0,102.0,1,1,34.86550169070097,4.747970588235292,0.6950294117647058,-4.053029411764706,0.10040705563093621,-0.02691090004522323,-5.369063772048847,0,1,5,-2,1,0
2024-25,42400235,2025-05-14,MIN,GSW,121.0,110.0,1,1,76.82002643797978,-2.2832420168067227,1.1364672268907563,3.419621848739496,0.07462686567164178,1.9253731343283675,-1.895522388059689,0,1,5,2,1,0
2024-25,42400226,2025-05-15,DEN,OKC,119.0,107.0,1,1,-139.51348085463223,-10.764463343108506,2.1816265884652974,12.946087976539587,-0.23421354764638347,-0.69207807118255,8.543283582089558,0,1,6,-1,1,0
2024-25,42400216,2025-05-16,NYK,BOS,119.0,81.0,1,1,-47.4698000229896,-4.747970588235292,-0.6950294117647058,4.053029411764706,-0.10040705563093621,0.02691090004522323,5.369063772048847,0,1,6,1,1,0
2024-25,42400227,2025-05-18,OKC,DEN,125.0,93.0,1,1,117.24865825576126,10.764463343108506,-2.1816265884652974,-12.946087976539587,0.23421354764638347,0.69207807118255,-8.543283582089558,0,1,7,0,1,0
2024-25,42400311,2025-05-20,OKC,MIN,114.0,88.0,1,1,87.80721830560651,11.328115749525619,3.13880834914611,-8.189216318785578,0.23421354764638347,7.662227324913886,-0.11044776119403821,-4,1,1,0,0,0
2024-25,42400301,2025-05-21,NYK,IND,135.0,138.0,0,1,-54.93730050533645,6.570501782531195,3.456286096256683,-3.114368092691622,-0.029384328358208922,-2.729244402985074,-2.795708955223887,-3,1,1,0,0,0
2024-25,42400312,2025-05-22,OKC,MIN,118.0,103.0,1,1,97.93909489636007,11.328115749525619,3.13880834914611,-8.189216318785578,0.23421354764638347,7.662227324913886,-0.11044776119403821,0,1,2,1,0,0
2024-25,42400302,2025-05-23,NYK,IND,109.0,114.0,0,1,-77.51686942872834,6.570501782531195,3.456286096256683,-3.114368092691622,-0.029384328358208922,-2.729244402985074,-2.795708955223887,0,1,2,-1,0,0
2024-25,42400313,2025-05-24,MIN,OKC,143.0,101.0,1,1,-107.63610323518651,-11.328115749525619,-3.13880834914611,8.189216318785578,-0.23421354764638347,-7.662227324913886,0.11044776119403821,0,1,3,-2,0,0
2024-25,42400303,2025-05-25,IND,NYK,100.0,106.0,0,1,98.80929890630046,-6.570501782531195,-3.456286096256683,3.114368092691622,0.029384328358208922,2.729244402985074,2.795708955223887,0,1,3,2,0,0
2024-25,42400314,2025-05-26,MIN,OKC,126.0,128.0,0,1,-87.19660456304382,-11.328115749525619,-3.13880834914611,8.189216318785578,-0.23421354764638347,-7.662227324913886,0.11044776119403821,0,1,4,-1,0,0
2024-25,42400304,2025-05-27,IND,NYK,130.0,121.0,1,1,68.46955539901887,-6.570501782531195,-3.456286096256683,3.114368092691622,0.029384328358208922,2.729244402985074,2.795708955223887,0,1,4,1,0,0
2024-25,42400315,2025-05-28,OKC,MIN,124.0,94.0,1,1,107.93329380389014,11.328115749525619,3.13880834914611,-8.189216318785578,0.23421354764638347,7.662227324913886,-0.11044776119403821,0,1,5,2,1,0
2024-25,42400305,2025-05-29,NYK,IND,111.0,94.0,1,1,-79.46646009319261,6.570501782531195,3.456286096256683,-3.114368092691622,-0.029384328358208922,-2.729244402985074,-2.795708955223887,0,1,5,-2,1,0
2024-25,42400306,2025-05-31,IND,NYK,125.0,108.0,1,1,60.64709139899173,-6.570501782531195,-3.456286096256683,3.114368092691622,0.029384328358208922,2.729244402985074,2.795708955223887,0,1,6,1,1,0
2024-25,42400401,2025-06-05,OKC,IND,110.0,111.0,0,1,74.49570606388329,15.73370576735093,0.3648885630498526,-15.368966764418376,0.18990384615384615,4.231490384615384,-5.637500000000003,3,1,1,0,0,0
2024-25,42400402,2025-06-08,OKC,IND,123.0,107.0,1,1,45.21818202164536,15.73370576735093,0.3648885630498526,-15.368966764418376,0.18990384615384615,4.231490384615384,-5.637500000000003,0,1,2,-1,0,0
2024-25,42400403,2025-06-11,IND,OKC,116.0,107.0,1,1,-57.31377847339468,-15.73370576735093,-0.3648885630498526,15.368966764418376,-0.18990384615384615,-4.231490384615384,5.637500000000003,0,1,3,0,0,0
2024-25,42400404,2025-06-13,IND,OKC,104.0,111.0,0,1,-39.75870539011635,-15.73370576735093,-0.3648885630498526,15.368966764418376,-0.18990384615384615,-4.231490384615384,5.637500000000003,0,1,4,1,0,0
2024-25,42400405,2025-06-16,OKC,IND,120.0,109.0,1,1,63.192134822046455,15.73370576735093,0.3648885630498526,-15.368966764418376,0.18990384615384615,4.231490384615384,-5.637500000000003,0,1,5,0,0,0
2024-25,42400406,2025-06-19,IND,OKC,108.0,91.0,1,1,-74.43292073856742,-15.73370576735093,-0.3648885630498526,15.368966764418376,-0.18990384615384615,-4.231490384615384,5.637500000000003,0,1,6,-1,1,0
2024-25,42400407,2025-06-22,OKC,IND,103.0,91.0,1,1,55.90202925134622,15.73370576735093,0.3648885630498526,-15.368966764418376,0.18990384615384615,4.231490384615384,-5.637500000000003,0,1,7,0,1,0
